
/*!40101 SET @OLD_CHARACTER_SET_CLIENT=@@CHARACTER_SET_CLIENT */;
/*!40101 SET @OLD_CHARACTER_SET_RESULTS=@@CHARACTER_SET_RESULTS */;
/*!40101 SET @OLD_COLLATION_CONNECTION=@@COLLATION_CONNECTION */;
/*!40101 SET NAMES utf8mb4 */;
/*!40103 SET @OLD_TIME_ZONE=@@TIME_ZONE */;
/*!40103 SET TIME_ZONE='+00:00' */;
/*!40014 SET @OLD_UNIQUE_CHECKS=@@UNIQUE_CHECKS, UNIQUE_CHECKS=0 */;
/*!40014 SET @OLD_FOREIGN_KEY_CHECKS=@@FOREIGN_KEY_CHECKS, FOREIGN_KEY_CHECKS=0 */;
/*!40101 SET @OLD_SQL_MODE=@@SQL_MODE, SQL_MODE='NO_AUTO_VALUE_ON_ZERO' */;
/*!40111 SET @OLD_SQL_NOTES=@@SQL_NOTES, SQL_NOTES=0 */;
DROP TABLE IF EXISTS `action_events`;
/*!40101 SET @saved_cs_client     = @@character_set_client */;
/*!40101 SET character_set_client = utf8 */;
CREATE TABLE `action_events` (
  `id` bigint(20) unsigned NOT NULL AUTO_INCREMENT,
  `batch_id` char(36) COLLATE utf8mb4_unicode_ci NOT NULL,
  `user_id` int(10) unsigned NOT NULL,
  `name` varchar(255) COLLATE utf8mb4_unicode_ci NOT NULL,
  `actionable_type` varchar(255) COLLATE utf8mb4_unicode_ci NOT NULL,
  `actionable_id` int(10) unsigned NOT NULL,
  `target_type` varchar(255) COLLATE utf8mb4_unicode_ci NOT NULL,
  `target_id` int(10) unsigned NOT NULL,
  `model_type` varchar(255) COLLATE utf8mb4_unicode_ci NOT NULL,
  `model_id` int(10) unsigned DEFAULT NULL,
  `fields` text COLLATE utf8mb4_unicode_ci NOT NULL,
  `status` varchar(25) COLLATE utf8mb4_unicode_ci NOT NULL DEFAULT 'running',
  `exception` text COLLATE utf8mb4_unicode_ci NOT NULL,
  `created_at` timestamp NULL DEFAULT NULL,
  `updated_at` timestamp NULL DEFAULT NULL,
  PRIMARY KEY (`id`),
  KEY `action_events_actionable_type_actionable_id_index` (`actionable_type`,`actionable_id`),
  KEY `action_events_batch_id_model_type_model_id_index` (`batch_id`,`model_type`,`model_id`),
  KEY `action_events_user_id_index` (`user_id`)
) ENGINE=InnoDB AUTO_INCREMENT=155 DEFAULT CHARSET=utf8mb4 COLLATE=utf8mb4_unicode_ci;
/*!40101 SET character_set_client = @saved_cs_client */;

LOCK TABLES `action_events` WRITE;
/*!40000 ALTER TABLE `action_events` DISABLE KEYS */;
INSERT INTO `action_events` VALUES (1,'8d08ce6b-56d2-447e-8827-94a67d55b5a6',1,'Delete','App\\Media',16,'App\\Media',16,'App\\Media',16,'','finished','','2019-02-20 19:07:03','2019-02-20 19:07:03'),(2,'8d08ce84-054f-4a09-bad7-270fe1a9aa7b',1,'Delete','App\\Media',2,'App\\Media',2,'App\\Media',2,'','finished','','2019-02-20 19:07:20','2019-02-20 19:07:20'),(3,'8d08cfcc-2bf9-4651-a7c5-8d44ab1c3b28',1,'Update','App\\Page',1,'App\\Page',1,'App\\Page',1,'','finished','','2019-02-20 19:10:55','2019-02-20 19:10:55'),(4,'8d08d4bf-d92b-4e56-ae39-c52aa12e188e',1,'Update','App\\Page',1,'App\\Page',1,'App\\Page',1,'','finished','','2019-02-20 19:24:45','2019-02-20 19:24:45'),(5,'8d08de91-7a2f-43ce-9eb5-fd44ed993c34',1,'Delete','App\\Page',1,'App\\Page',1,'App\\Page',1,'','finished','','2019-02-20 19:52:13','2019-02-20 19:52:13'),(6,'8d08dff5-05c3-469e-bd5c-45a45953b0d3',1,'Delete','App\\Page',2,'App\\Page',2,'App\\Page',2,'','finished','','2019-02-20 19:56:06','2019-02-20 19:56:06'),(7,'8d08dff5-0acb-4b27-867e-1165a3b42e73',1,'Delete','App\\Page',3,'App\\Page',3,'App\\Page',3,'','finished','','2019-02-20 19:56:06','2019-02-20 19:56:06'),(8,'8d08dff5-0ebd-415f-ae55-0ddca93bf265',1,'Delete','App\\Page',4,'App\\Page',4,'App\\Page',4,'','finished','','2019-02-20 19:56:06','2019-02-20 19:56:06'),(9,'8d08dff5-12aa-428b-a733-3a661915bf81',1,'Delete','App\\Page',5,'App\\Page',5,'App\\Page',5,'','finished','','2019-02-20 19:56:06','2019-02-20 19:56:06'),(10,'8d08dff5-169a-499c-a6d2-20f01c1ad545',1,'Delete','App\\Page',6,'App\\Page',6,'App\\Page',6,'','finished','','2019-02-20 19:56:06','2019-02-20 19:56:06'),(11,'8d08dff5-1a50-4b75-9a22-17da3edf2f49',1,'Delete','App\\Page',7,'App\\Page',7,'App\\Page',7,'','finished','','2019-02-20 19:56:06','2019-02-20 19:56:06'),(12,'8d08dff5-1e00-4e67-82de-a6c587a6ebf1',1,'Delete','App\\Page',8,'App\\Page',8,'App\\Page',8,'','finished','','2019-02-20 19:56:06','2019-02-20 19:56:06'),(13,'8d08dff5-21be-49c6-81ed-c3d642fb70c1',1,'Delete','App\\Page',9,'App\\Page',9,'App\\Page',9,'','finished','','2019-02-20 19:56:06','2019-02-20 19:56:06'),(14,'8d08dff5-2558-43f0-8743-4745f7df90ed',1,'Delete','App\\Page',10,'App\\Page',10,'App\\Page',10,'','finished','','2019-02-20 19:56:06','2019-02-20 19:56:06'),(15,'8d08dff5-2969-46a0-bd63-4d6a1999d368',1,'Delete','App\\Page',11,'App\\Page',11,'App\\Page',11,'','finished','','2019-02-20 19:56:06','2019-02-20 19:56:06'),(16,'8d08dff5-2d11-4108-a745-ba9f3ebec3d7',1,'Delete','App\\Page',12,'App\\Page',12,'App\\Page',12,'','finished','','2019-02-20 19:56:06','2019-02-20 19:56:06'),(17,'8d08dff5-30e5-4e6d-b8f6-165218c85572',1,'Delete','App\\Page',13,'App\\Page',13,'App\\Page',13,'','finished','','2019-02-20 19:56:06','2019-02-20 19:56:06'),(18,'8d08dff5-349c-4af2-aad1-3443e420d8df',1,'Delete','App\\Page',14,'App\\Page',14,'App\\Page',14,'','finished','','2019-02-20 19:56:06','2019-02-20 19:56:06'),(19,'8d08dff5-38c6-49d0-8203-23157c5ecd4b',1,'Delete','App\\Page',15,'App\\Page',15,'App\\Page',15,'','finished','','2019-02-20 19:56:06','2019-02-20 19:56:06'),(20,'8d08dff5-3ca3-4908-99da-485354da92aa',1,'Delete','App\\Page',16,'App\\Page',16,'App\\Page',16,'','finished','','2019-02-20 19:56:06','2019-02-20 19:56:06'),(21,'8d08dff5-407b-46a1-bf9a-a3ac38c818a8',1,'Delete','App\\Page',17,'App\\Page',17,'App\\Page',17,'','finished','','2019-02-20 19:56:06','2019-02-20 19:56:06'),(22,'8d08dff5-443e-4794-a02b-65c2e7b2000f',1,'Delete','App\\Page',18,'App\\Page',18,'App\\Page',18,'','finished','','2019-02-20 19:56:06','2019-02-20 19:56:06'),(23,'8d08dff5-488e-4eeb-b3fe-b4680a5dea5d',1,'Delete','App\\Page',19,'App\\Page',19,'App\\Page',19,'','finished','','2019-02-20 19:56:06','2019-02-20 19:56:06'),(24,'8d08dff5-4cd5-4211-bfeb-29438ccff8a6',1,'Delete','App\\Page',20,'App\\Page',20,'App\\Page',20,'','finished','','2019-02-20 19:56:06','2019-02-20 19:56:06'),(25,'8d08dff5-5090-4fc0-af0d-28d7f9baeb38',1,'Delete','App\\Page',21,'App\\Page',21,'App\\Page',21,'','finished','','2019-02-20 19:56:06','2019-02-20 19:56:06'),(26,'8d08dff5-543d-4461-9f60-f82d45a2773b',1,'Delete','App\\Page',22,'App\\Page',22,'App\\Page',22,'','finished','','2019-02-20 19:56:06','2019-02-20 19:56:06'),(27,'8d08dff5-57f8-45f7-869f-ec7732d23ade',1,'Delete','App\\Page',23,'App\\Page',23,'App\\Page',23,'','finished','','2019-02-20 19:56:06','2019-02-20 19:56:06'),(28,'8d08dff5-5bfd-431f-9719-51e6087b1293',1,'Delete','App\\Page',24,'App\\Page',24,'App\\Page',24,'','finished','','2019-02-20 19:56:06','2019-02-20 19:56:06'),(29,'8d08dff5-6020-4170-a655-5153588700dc',1,'Delete','App\\Page',25,'App\\Page',25,'App\\Page',25,'','finished','','2019-02-20 19:56:06','2019-02-20 19:56:06'),(30,'8d08dff5-64e9-4096-bbfc-b15f6d76f73f',1,'Delete','App\\Page',26,'App\\Page',26,'App\\Page',26,'','finished','','2019-02-20 19:56:06','2019-02-20 19:56:06'),(31,'8d08dff5-692c-4154-9741-0679554ff721',1,'Delete','App\\Page',27,'App\\Page',27,'App\\Page',27,'','finished','','2019-02-20 19:56:06','2019-02-20 19:56:06'),(32,'8d08dff5-6d91-4f73-9228-675d5357281d',1,'Delete','App\\Page',28,'App\\Page',28,'App\\Page',28,'','finished','','2019-02-20 19:56:06','2019-02-20 19:56:06'),(33,'8d08dff5-71ab-4651-8c42-20a948f1ffe1',1,'Delete','App\\Page',29,'App\\Page',29,'App\\Page',29,'','finished','','2019-02-20 19:56:06','2019-02-20 19:56:06'),(34,'8d08dff5-75c2-45f9-8774-4bce0efa9b1b',1,'Delete','App\\Page',30,'App\\Page',30,'App\\Page',30,'','finished','','2019-02-20 19:56:06','2019-02-20 19:56:06'),(35,'8d08dff5-79bc-4a8a-9a03-6e7e33e4b8a3',1,'Delete','App\\Page',31,'App\\Page',31,'App\\Page',31,'','finished','','2019-02-20 19:56:06','2019-02-20 19:56:06'),(36,'8d08dff5-7db7-4ac7-891d-d94d0f66300f',1,'Delete','App\\Page',32,'App\\Page',32,'App\\Page',32,'','finished','','2019-02-20 19:56:06','2019-02-20 19:56:06'),(37,'8d08dff5-81d4-4461-8c6a-57c3913177e7',1,'Delete','App\\Page',33,'App\\Page',33,'App\\Page',33,'','finished','','2019-02-20 19:56:06','2019-02-20 19:56:06'),(38,'8d08dff5-8636-46ea-a74a-ddb5e182e9b3',1,'Delete','App\\Page',34,'App\\Page',34,'App\\Page',34,'','finished','','2019-02-20 19:56:06','2019-02-20 19:56:06'),(39,'8d08dff5-8a82-43c8-8869-82f437e27c87',1,'Delete','App\\Page',35,'App\\Page',35,'App\\Page',35,'','finished','','2019-02-20 19:56:06','2019-02-20 19:56:06'),(40,'8d08dff5-8eae-45e5-88dd-d73773c8ebe7',1,'Delete','App\\Page',36,'App\\Page',36,'App\\Page',36,'','finished','','2019-02-20 19:56:06','2019-02-20 19:56:06'),(41,'8d08dff5-92bd-4731-8858-10473b424c95',1,'Delete','App\\Page',37,'App\\Page',37,'App\\Page',37,'','finished','','2019-02-20 19:56:06','2019-02-20 19:56:06'),(42,'8d08dff5-9696-42ab-9d76-dc8c35842a96',1,'Delete','App\\Page',38,'App\\Page',38,'App\\Page',38,'','finished','','2019-02-20 19:56:06','2019-02-20 19:56:06'),(43,'8d08dff5-9bcf-4d7a-bf04-b4f0e8000b2a',1,'Delete','App\\Page',39,'App\\Page',39,'App\\Page',39,'','finished','','2019-02-20 19:56:06','2019-02-20 19:56:06'),(44,'8d08dff5-9fc1-4ae0-a69a-60d334e77433',1,'Delete','App\\Page',40,'App\\Page',40,'App\\Page',40,'','finished','','2019-02-20 19:56:06','2019-02-20 19:56:06'),(45,'8d08dff5-a38c-4ff5-b267-8e3da434a670',1,'Delete','App\\Page',41,'App\\Page',41,'App\\Page',41,'','finished','','2019-02-20 19:56:06','2019-02-20 19:56:06'),(46,'8d08dff5-a762-4e15-90af-10cfe1da37cc',1,'Delete','App\\Page',42,'App\\Page',42,'App\\Page',42,'','finished','','2019-02-20 19:56:06','2019-02-20 19:56:06'),(47,'8d08dff5-ab9e-4670-831f-49fcab3e2370',1,'Delete','App\\Page',43,'App\\Page',43,'App\\Page',43,'','finished','','2019-02-20 19:56:06','2019-02-20 19:56:06'),(48,'8d08dff5-afcf-4964-9f76-a09d06bdc33c',1,'Delete','App\\Page',44,'App\\Page',44,'App\\Page',44,'','finished','','2019-02-20 19:56:06','2019-02-20 19:56:06'),(49,'8d08dff5-b3fa-4dfb-b008-32847280a7b5',1,'Delete','App\\Page',45,'App\\Page',45,'App\\Page',45,'','finished','','2019-02-20 19:56:06','2019-02-20 19:56:06'),(50,'8d08dff5-b835-4d1e-a87e-53cbc11c0e3c',1,'Delete','App\\Page',46,'App\\Page',46,'App\\Page',46,'','finished','','2019-02-20 19:56:06','2019-02-20 19:56:06'),(51,'8d08e4bf-c859-4c4f-b227-4023fac16ea6',1,'Update','App\\Page',47,'App\\Page',47,'App\\Page',47,'','finished','','2019-02-20 20:09:30','2019-02-20 20:09:30'),(52,'8d08e506-826b-4926-b948-5fc31672aef5',1,'Update','App\\Page',47,'App\\Page',47,'App\\Page',47,'','finished','','2019-02-20 20:10:16','2019-02-20 20:10:16'),(53,'8d08e642-b476-4081-a853-0bad884dcf57',1,'Update','App\\Page',47,'App\\Page',47,'App\\Page',47,'','finished','','2019-02-20 20:13:43','2019-02-20 20:13:43'),(54,'8d09cfae-15d5-402a-bf01-8ea998e504ed',1,'Update','App\\Page',48,'App\\Page',48,'App\\Page',48,'','finished','','2019-02-21 07:06:25','2019-02-21 07:06:25'),(55,'8d09d050-fe2d-432a-acb0-17dbdc5f37eb',1,'Update','App\\Page',49,'App\\Page',49,'App\\Page',49,'','finished','','2019-02-21 07:08:11','2019-02-21 07:08:11'),(56,'8d09d387-8f4f-425c-9a47-dcee17e24a44',1,'Update','App\\Page',80,'App\\Page',80,'App\\Page',80,'','finished','','2019-02-21 07:17:10','2019-02-21 07:17:10'),(57,'8d0bb21a-8f7d-4364-a39f-7a03c00a1f91',1,'Update','App\\Page',48,'App\\Page',48,'App\\Page',48,'','finished','','2019-02-22 05:35:22','2019-02-22 05:35:22'),(58,'8d0bbe3c-37aa-4d9f-b91b-e66a61f350e2',1,'Update','App\\Page',47,'App\\Page',47,'App\\Page',47,'','finished','','2019-02-22 06:09:17','2019-02-22 06:09:17'),(59,'8d0bccad-6d8a-4b62-bca6-0238cc78d5ed',1,'Update','App\\Page',47,'App\\Page',47,'App\\Page',47,'','finished','','2019-02-22 06:49:40','2019-02-22 06:49:40'),(60,'8d0bcd2a-0b85-4f85-a6bd-6ce20d773140',1,'Update','App\\Page',47,'App\\Page',47,'App\\Page',47,'','finished','','2019-02-22 06:51:02','2019-02-22 06:51:02'),(61,'8d0bcdac-b1fe-4be5-a371-fd8b20889f19',1,'Update','App\\Page',47,'App\\Page',47,'App\\Page',47,'','finished','','2019-02-22 06:52:28','2019-02-22 06:52:28'),(62,'8d0bce07-e590-45e7-80ef-ea24df56944f',1,'Update','App\\Page',47,'App\\Page',47,'App\\Page',47,'','finished','','2019-02-22 06:53:27','2019-02-22 06:53:27'),(63,'8d0c1acc-77ba-47bc-8da1-6340556f760b',1,'Update','App\\Page',47,'App\\Page',47,'App\\Page',47,'','finished','','2019-02-22 10:28:07','2019-02-22 10:28:07'),(64,'8d0c1b85-1e23-4dc0-ac5c-dbd522413701',1,'Update','App\\Page',47,'App\\Page',47,'App\\Page',47,'','finished','','2019-02-22 10:30:08','2019-02-22 10:30:08'),(65,'8d0c1c0a-f3f1-49c5-b20c-b9715d575fa0',1,'Update','App\\Page',47,'App\\Page',47,'App\\Page',47,'','finished','','2019-02-22 10:31:36','2019-02-22 10:31:36'),(66,'8d0c1d53-4933-4509-867f-971308f9952e',1,'Update','App\\Page',47,'App\\Page',47,'App\\Page',47,'','finished','','2019-02-22 10:35:11','2019-02-22 10:35:11'),(67,'8d0c1d90-11ad-403b-8aeb-1e9a38b66125',1,'Update','App\\Page',47,'App\\Page',47,'App\\Page',47,'','finished','','2019-02-22 10:35:51','2019-02-22 10:35:51'),(68,'8d0cc486-5cd9-4dd5-8b4e-ae776cb4fe85',1,'Update','App\\Post',1,'App\\Post',1,'App\\Post',1,'','finished','','2019-02-22 18:22:42','2019-02-22 18:22:42'),(69,'8d0cc498-b4e9-41a8-8865-fb0c1f69b7aa',1,'Update','App\\Post',1,'App\\Post',1,'App\\Post',1,'','finished','','2019-02-22 18:22:54','2019-02-22 18:22:54'),(70,'8d0cc756-c8ab-44a0-8197-84f933ed4090',1,'Update','App\\Post',1,'App\\Post',1,'App\\Post',1,'','finished','','2019-02-22 18:30:34','2019-02-22 18:30:34'),(71,'8d0cc785-a5dc-496f-a830-c7f69ce4dd3e',1,'Update','App\\Post',1,'App\\Post',1,'App\\Post',1,'','finished','','2019-02-22 18:31:05','2019-02-22 18:31:05'),(72,'8d0dfd4d-7a5a-4780-bea2-c0284580cb23',1,'Update','App\\Post',2,'App\\Post',2,'App\\Post',2,'','finished','','2019-02-23 08:57:18','2019-02-23 08:57:18'),(73,'8d0e078b-015d-4bee-8aac-5871179261b0',1,'Update','App\\Page',47,'App\\Page',47,'App\\Page',47,'','finished','','2019-02-23 09:25:56','2019-02-23 09:25:56'),(74,'8d0e07e9-5772-4452-b586-459cf141c899',1,'Update','App\\Page',47,'App\\Page',47,'App\\Page',47,'','finished','','2019-02-23 09:26:57','2019-02-23 09:26:57'),(75,'8d0e0845-8a9d-47e5-b0ee-8a925921b06b',1,'Update','App\\Page',47,'App\\Page',47,'App\\Page',47,'','finished','','2019-02-23 09:27:58','2019-02-23 09:27:58'),(76,'8d0e08b9-5442-402a-8ac4-14f6d1352aef',1,'Update','App\\Page',47,'App\\Page',47,'App\\Page',47,'','finished','','2019-02-23 09:29:14','2019-02-23 09:29:14'),(77,'8d0e0c1c-aaf1-4ab5-9615-09b8f8b25ed0',1,'Update','App\\Media',25,'App\\Media',25,'App\\Media',25,'','finished','','2019-02-23 09:38:42','2019-02-23 09:38:42'),(78,'8d0e0cc7-b37a-43bf-9eab-b37c5fcbaf86',1,'Update','App\\Page',47,'App\\Page',47,'App\\Page',47,'','finished','','2019-02-23 09:40:34','2019-02-23 09:40:34'),(79,'8d0e32fd-d9d8-4fbf-a415-d644696b9236',1,'Delete','App\\LegalDocumentCategory',1,'App\\LegalDocumentCategory',1,'App\\LegalDocumentCategory',1,'','finished','','2019-02-23 11:27:25','2019-02-23 11:27:25'),(80,'8d0e39ae-7c9c-4dfb-9b4f-f70063f7a6d3',1,'Update','App\\Post',6,'App\\Post',6,'App\\Post',6,'','finished','','2019-02-23 11:46:07','2019-02-23 11:46:07'),(81,'8d0e39dd-c30b-4192-9bb7-5fa8a37b9f35',1,'Update','App\\Post',6,'App\\Post',6,'App\\Post',6,'','finished','','2019-02-23 11:46:38','2019-02-23 11:46:38'),(82,'8d10ee43-369b-4b07-b6b9-b1d6e7ce87aa',1,'Update','App\\Page',47,'App\\Page',47,'App\\Page',47,'','finished','','2019-02-24 20:02:43','2019-02-24 20:02:43'),(83,'8d15886a-b4ee-4fad-91f4-2564520772e2',1,'Update','App\\Page',47,'App\\Page',47,'App\\Page',47,'','finished','','2019-02-27 02:57:05','2019-02-27 02:57:05'),(84,'8d15a4c7-5d3a-40e1-b954-ea8a931a6c44',1,'Delete','App\\Category',13,'App\\Category',13,'App\\Category',13,'','finished','','2019-02-27 04:16:23','2019-02-27 04:16:23'),(85,'8d15a850-83b1-4f81-9cf6-a9bdaae5ce80',1,'Delete','App\\Category',18,'App\\Category',18,'App\\Category',18,'','finished','','2019-02-27 04:26:16','2019-02-27 04:26:16'),(86,'8d15a863-96e6-4612-b514-2646f1402d39',1,'Delete','App\\Category',17,'App\\Category',17,'App\\Category',17,'','finished','','2019-02-27 04:26:29','2019-02-27 04:26:29'),(87,'8d15a867-e2a4-47f2-b84f-01cefacaa154',1,'Delete','App\\Category',16,'App\\Category',16,'App\\Category',16,'','finished','','2019-02-27 04:26:32','2019-02-27 04:26:32'),(88,'8d15a958-886a-49ec-9bba-15910b1e88bf',1,'Delete','App\\Category',15,'App\\Category',15,'App\\Category',15,'','finished','','2019-02-27 04:29:09','2019-02-27 04:29:09'),(89,'8d15a95e-d36d-4532-b16e-8a408e067667',1,'Delete','App\\Category',14,'App\\Category',14,'App\\Category',14,'','finished','','2019-02-27 04:29:13','2019-02-27 04:29:13'),(90,'8d15a964-6fdc-48b7-8a2f-b17d4d149ea5',1,'Delete','App\\Category',12,'App\\Category',12,'App\\Category',12,'','finished','','2019-02-27 04:29:17','2019-02-27 04:29:17'),(91,'8d15b214-5c3f-4a70-81d3-3c15fe68f787',1,'Update','App\\Post',7,'App\\Post',7,'App\\Post',7,'','finished','','2019-02-27 04:53:35','2019-02-27 04:53:35'),(92,'8d15b3fb-54d5-44cc-a4e5-eaa195592776',1,'Delete','App\\Page',97,'App\\Page',97,'App\\Page',97,'','finished','','2019-02-27 04:58:54','2019-02-27 04:58:54'),(93,'8d15b60e-1f1c-45dd-bf0c-f93271b21615',1,'Update','App\\Job',5,'App\\Job',5,'App\\Job',5,'','finished','','2019-02-27 05:04:42','2019-02-27 05:04:42'),(94,'8d15b689-c981-4ac3-825a-5ef017f5ca9f',1,'Update','App\\Job',5,'App\\Job',5,'App\\Job',5,'','finished','','2019-02-27 05:06:03','2019-02-27 05:06:03'),(95,'8d15b6ed-b5b3-495a-adb2-fcf3a8ee6756',1,'Update','App\\Job',5,'App\\Job',5,'App\\Job',5,'','finished','','2019-02-27 05:07:08','2019-02-27 05:07:08'),(96,'8d15b74f-98a9-415a-bdd0-b2de9cfda6bc',1,'Update','App\\Job',5,'App\\Job',5,'App\\Job',5,'','finished','','2019-02-27 05:08:12','2019-02-27 05:08:12'),(97,'8d15b87e-ea1f-416f-932e-da17698fc9aa',1,'Update','App\\Post',7,'App\\Post',7,'App\\Post',7,'','finished','','2019-02-27 05:11:31','2019-02-27 05:11:31'),(98,'8d15cd18-7b5f-4da8-8469-96524afafce7',1,'Update','App\\Procurement',5,'App\\Procurement',5,'App\\Procurement',5,'','finished','','2019-02-27 06:09:07','2019-02-27 06:09:07'),(99,'8d15d15e-481f-4915-935e-bde53b7ff1af',1,'Update','App\\User',6,'App\\User',6,'App\\User',6,'','finished','','2019-02-27 06:21:04','2019-02-27 06:21:04'),(100,'8d15d1a5-5cc0-4966-9a7e-4b092022e403',1,'Update','App\\User',12,'App\\User',12,'App\\User',12,'','finished','','2019-02-27 06:21:51','2019-02-27 06:21:51'),(101,'8d15d1a6-41cf-4d06-a68c-0a0c7291c341',6,'Update','App\\Role',1,'App\\Role',1,'App\\Role',1,'','finished','','2019-02-27 06:21:51','2019-02-27 06:21:51'),(102,'8d15e75c-ed07-4247-9113-2105f75dc5ee',1,'Update','App\\Post',7,'App\\Post',7,'App\\Post',7,'','finished','','2019-02-27 07:22:34','2019-02-27 07:22:34'),(103,'8d161a94-4017-498a-8369-8ef546aad4f3',1,'Update','App\\MenuItem',120,'App\\MenuItem',120,'App\\MenuItem',120,'','finished','','2019-02-27 09:45:47','2019-02-27 09:45:47'),(104,'8d161bae-94a4-4431-90c8-71587a062867',1,'Update','App\\MenuItem',120,'App\\MenuItem',120,'App\\MenuItem',120,'','finished','','2019-02-27 09:48:52','2019-02-27 09:48:52'),(105,'8d161e5e-0bba-4139-b8a6-728b4cdaf63c',1,'Update','App\\MenuItem',119,'App\\MenuItem',119,'App\\MenuItem',119,'','finished','','2019-02-27 09:56:22','2019-02-27 09:56:22'),(106,'8d161e8a-31e8-4301-9fc2-6cf9dde3f000',1,'Update','App\\MenuItem',120,'App\\MenuItem',120,'App\\MenuItem',120,'','finished','','2019-02-27 09:56:51','2019-02-27 09:56:51'),(107,'8d177c8e-82f5-40e9-9fa6-4301f3a2e306',1,'Update','App\\Category',3,'App\\Category',3,'App\\Category',3,'','finished','','2019-02-28 02:15:34','2019-02-28 02:15:34'),(108,'8d17800b-2ae5-4516-b613-56b83a8af9b0',1,'Update','App\\Category',1,'App\\Category',1,'App\\Category',1,'','finished','','2019-02-28 02:25:19','2019-02-28 02:25:19'),(109,'8d178011-5fa3-4bba-b341-1774778ea70f',1,'Update','App\\Category',1,'App\\Category',1,'App\\Category',1,'','finished','','2019-02-28 02:25:23','2019-02-28 02:25:23'),(110,'8d1785a9-c5db-41f1-ae3e-80f286da18d9',1,'Update','App\\Page',93,'App\\Page',93,'App\\Page',93,'','finished','','2019-02-28 02:41:02','2019-02-28 02:41:02'),(111,'8d179560-5616-4646-b93d-a06159f70e64',1,'Update','App\\Media',14,'App\\Media',14,'App\\Media',14,'','finished','','2019-02-28 03:24:58','2019-02-28 03:24:58'),(112,'8d179576-5a26-4a04-a525-4b3931f746e8',1,'Update','App\\Media',14,'App\\Media',14,'App\\Media',14,'','finished','','2019-02-28 03:25:13','2019-02-28 03:25:13'),(113,'8d179841-3006-4066-90c2-090f9d5bf264',1,'Update','App\\Page',98,'App\\Page',98,'App\\Page',98,'','finished','','2019-02-28 03:33:01','2019-02-28 03:33:01'),(114,'8d1798fd-8717-4c18-a650-16d597377e8a',1,'Update','App\\Page',98,'App\\Page',98,'App\\Page',98,'','finished','','2019-02-28 03:35:05','2019-02-28 03:35:05'),(115,'8d179a67-217e-4d57-9a29-38d116ca5085',1,'Update','App\\User',1,'App\\User',1,'App\\User',1,'','finished','','2019-02-28 03:39:02','2019-02-28 03:39:02'),(116,'8d17d716-330e-4059-af75-4211be467b33',1,'Update','App\\Page',47,'App\\Page',47,'App\\Page',47,'','finished','','2019-02-28 06:28:43','2019-02-28 06:28:43'),(117,'8d2bf2ef-c5fb-45cf-a5fc-ebc46e3b5c41',1,'Update','App\\Role',3,'App\\Role',3,'App\\Role',3,'','finished','','2019-03-10 06:23:09','2019-03-10 06:23:09'),(118,'8d2c34ed-1667-4806-8240-fddf8e167dfd',1,'Зөвшөөрөх','App\\Comment',1,'App\\Comment',1,'App\\Comment',1,'a:0:{}','finished','','2019-03-10 09:27:40','2019-03-10 09:27:40'),(119,'8d2c350d-fbc0-4565-97c3-0b5d268a07da',1,'Спам гэж тэмдэглэх','App\\Comment',1,'App\\Comment',1,'App\\Comment',1,'a:0:{}','finished','','2019-03-10 09:28:01','2019-03-10 09:28:01'),(120,'8d2c3520-4a72-48ac-ab2c-a4dbd82ab004',1,'Спам биш','App\\Comment',1,'App\\Comment',1,'App\\Comment',1,'a:0:{}','finished','','2019-03-10 09:28:13','2019-03-10 09:28:13'),(121,'8d338323-34cb-462c-b944-632bd6a6b873',1,'Update','App\\Post',7,'App\\Post',7,'App\\Post',7,'','finished','','2019-03-14 00:37:09','2019-03-14 00:37:09'),(122,'8d33876a-5b2d-4d5e-adea-c452907bcbab',1,'Зөвшөөрөх','App\\Comment',1,'App\\Comment',1,'App\\Comment',1,'a:0:{}','finished','','2019-03-14 00:49:07','2019-03-14 00:49:07'),(123,'8d3c2f87-dedb-4495-9dfd-692c9d49a912',1,'Update','App\\Procurement',5,'App\\Procurement',5,'App\\Procurement',5,'','finished','','2019-03-18 08:05:49','2019-03-18 08:05:49'),(124,'8d3dfdeb-c4ea-4957-b17a-9077734f8420',1,'Update','App\\Procurement',5,'App\\Procurement',5,'App\\Procurement',5,'','finished','','2019-03-19 05:38:46','2019-03-19 05:38:46'),(125,'8d49faa8-21b5-45f2-87ed-f10139a6d740',1,'Update','App\\Page',47,'App\\Page',47,'App\\Page',47,'','finished','','2019-03-25 04:39:34','2019-03-25 04:39:34'),(126,'8d4acbdd-ec95-4a70-8a97-07c6cd03ec3e',1,'Update','App\\Procurement',4,'App\\Procurement',4,'App\\Procurement',4,'','finished','','2019-03-25 14:24:34','2019-03-25 14:24:34'),(127,'8d4c4f49-aeb7-4586-b2ef-0a9202148813',1,'Create','App\\MenuItem',125,'App\\MenuItem',125,'App\\MenuItem',125,'','finished','','2019-03-26 08:27:52','2019-03-26 08:27:52'),(128,'8d4c4f6b-e28c-4a05-9c43-251e1d382245',1,'Create','App\\MenuItem',126,'App\\MenuItem',126,'App\\MenuItem',126,'','finished','','2019-03-26 08:28:15','2019-03-26 08:28:15'),(129,'8d4c4f95-e648-4a1e-9e06-8d145b6c2232',1,'Create','App\\MenuItem',127,'App\\MenuItem',127,'App\\MenuItem',127,'','finished','','2019-03-26 08:28:42','2019-03-26 08:28:42'),(130,'8d80ddc3-903d-4f9b-8f56-76f170fd268d',1,'Clone Model','App\\Menu',1,'App\\Menu',1,'App\\Menu',1,'a:0:{}','finished','','2019-04-21 11:29:19','2019-04-21 11:29:19'),(131,'8d80dddf-86ea-4b95-b681-dd59283defff',1,'Update','App\\Menu',1,'App\\Menu',1,'App\\Menu',1,'','finished','','2019-04-21 11:29:37','2019-04-21 11:29:37'),(132,'8d80ddf8-2b67-4a20-9b24-0b6e73929ae5',1,'Update','App\\Menu',5,'App\\Menu',5,'App\\Menu',5,'','finished','','2019-04-21 11:29:53','2019-04-21 11:29:53'),(133,'8d80de2d-3ddc-4065-a68d-54fa6b1c5750',1,'Delete','App\\Menu',5,'App\\Menu',5,'App\\Menu',5,'','finished','','2019-04-21 11:30:28','2019-04-21 11:30:28'),(134,'8d80de35-7d7c-45fd-86d0-5284dfa620eb',1,'Update','App\\Menu',1,'App\\Menu',1,'App\\Menu',1,'','finished','','2019-04-21 11:30:33','2019-04-21 11:30:33'),(135,'8d80de4b-f713-4f37-a68a-94ec3955e889',1,'Clone Model','App\\Menu',3,'App\\Menu',3,'App\\Menu',3,'a:0:{}','finished','','2019-04-21 11:30:48','2019-04-21 11:30:48'),(136,'8d80de58-572f-4d56-82e5-492832e06e35',1,'Update','App\\Menu',1,'App\\Menu',1,'App\\Menu',1,'','finished','','2019-04-21 11:30:56','2019-04-21 11:30:56'),(137,'8d80de79-52d0-421f-b985-076925d5d7d2',1,'Update','App\\Menu',6,'App\\Menu',6,'App\\Menu',6,'','finished','','2019-04-21 11:31:18','2019-04-21 11:31:18'),(138,'8d80df07-9555-4504-ad85-d673ead946c6',1,'Delete','App\\MenuItem',181,'App\\MenuItem',181,'App\\MenuItem',181,'','finished','','2019-04-21 11:32:51','2019-04-21 11:32:51'),(139,'8d80df32-65b0-41d0-8391-e60e78ad953e',1,'Delete','App\\MenuItem',191,'App\\MenuItem',191,'App\\MenuItem',191,'','finished','','2019-04-21 11:33:19','2019-04-21 11:33:19'),(140,'8d80dfc1-a565-4e44-b979-cec92f4dcfaa',1,'Update','App\\MenuItem',147,'App\\MenuItem',147,'App\\MenuItem',147,'','finished','','2019-04-21 11:34:53','2019-04-21 11:34:53'),(141,'8d80e01d-8bdd-4731-bc87-76291279826b',1,'Update','App\\MenuItem',159,'App\\MenuItem',159,'App\\MenuItem',159,'','finished','','2019-04-21 11:35:53','2019-04-21 11:35:53'),(142,'8d80e020-7dda-4fe2-865f-79ffc9eab366',1,'Update','App\\MenuItem',159,'App\\MenuItem',159,'App\\MenuItem',159,'','finished','','2019-04-21 11:35:55','2019-04-21 11:35:55'),(143,'8d80e03d-7f00-4a92-8d56-0d0bbaf5be3f',1,'Update','App\\MenuItem',154,'App\\MenuItem',154,'App\\MenuItem',154,'','finished','','2019-04-21 11:36:14','2019-04-21 11:36:14'),(144,'8d80e066-48c8-422c-8e48-4b0c5acd3847',1,'Update','App\\MenuItem',173,'App\\MenuItem',173,'App\\MenuItem',173,'','finished','','2019-04-21 11:36:41','2019-04-21 11:36:41'),(145,'8d80e691-5e1e-48c1-ba6a-f7e1a8e87bf1',1,'Create','App\\MenuItem',196,'App\\MenuItem',196,'App\\MenuItem',196,'','finished','','2019-04-21 11:53:56','2019-04-21 11:53:56'),(146,'8d80ed69-3be9-4237-8ea5-d8b678c30c7c',1,'Update','App\\MenuItem',188,'App\\MenuItem',188,'App\\MenuItem',188,'','finished','','2019-04-21 12:13:04','2019-04-21 12:13:04'),(147,'8d839271-4a21-40ca-97f8-0e81e2bb5af3',1,'Update','App\\Page',47,'App\\Page',47,'App\\Page',47,'','finished','','2019-04-22 19:46:11','2019-04-22 19:46:11'),(148,'8d857658-51ad-45f7-89d4-c67510360b59',1,'Update','App\\Page',47,'App\\Page',47,'App\\Page',47,'','finished','','2019-04-23 18:19:16','2019-04-23 18:19:16'),(149,'8d85773e-4c51-4e39-8ece-a11047e8c7f3',1,'Create','App\\Page',99,'App\\Page',99,'App\\Page',99,'','finished','','2019-04-23 18:21:47','2019-04-23 18:21:47'),(150,'8d857786-669e-410b-bb10-521b3901c2fd',1,'Delete','App\\Page',94,'App\\Page',94,'App\\Page',94,'','finished','','2019-04-23 18:22:34','2019-04-23 18:22:34'),(151,'8d8577cc-bc66-479d-bea9-ff6f01c88e20',1,'Update','App\\Page',47,'App\\Page',47,'App\\Page',47,'','finished','','2019-04-23 18:23:20','2019-04-23 18:23:20'),(152,'8d85781c-c055-4582-9e44-9de1d84fcc47',1,'Update','App\\Page',47,'App\\Page',47,'App\\Page',47,'','finished','','2019-04-23 18:24:13','2019-04-23 18:24:13'),(153,'8d8578da-8efc-45dd-bb18-108624f9bf90',1,'Update','App\\Page',48,'App\\Page',48,'App\\Page',48,'','finished','','2019-04-23 18:26:17','2019-04-23 18:26:17'),(154,'8d88659d-f76f-4a28-a21c-fe5935143da2',1,'Create','App\\Media',41,'App\\Media',41,'App\\Media',41,'','finished','','2019-04-25 05:19:59','2019-04-25 05:19:59');
/*!40000 ALTER TABLE `action_events` ENABLE KEYS */;
UNLOCK TABLES;
DROP TABLE IF EXISTS `categories`;
/*!40101 SET @saved_cs_client     = @@character_set_client */;
/*!40101 SET character_set_client = utf8 */;
CREATE TABLE `categories` (
  `id` int(10) unsigned NOT NULL AUTO_INCREMENT,
  `created_at` timestamp NULL DEFAULT NULL,
  `updated_at` timestamp NULL DEFAULT NULL,
  `name` varchar(255) COLLATE utf8mb4_unicode_ci NOT NULL,
  `slug` varchar(255) COLLATE utf8mb4_unicode_ci NOT NULL,
  `props` json DEFAULT NULL,
  `parent_id` int(10) unsigned DEFAULT NULL,
  `path` varchar(256) COLLATE utf8mb4_unicode_ci DEFAULT NULL,
  PRIMARY KEY (`id`),
  KEY `categories_parent_id_foreign` (`parent_id`),
  KEY `categories_slug_index` (`slug`),
  KEY `categories_path_index` (`path`),
  CONSTRAINT `categories_parent_id_foreign` FOREIGN KEY (`parent_id`) REFERENCES `categories` (`id`)
) ENGINE=InnoDB AUTO_INCREMENT=12 DEFAULT CHARSET=utf8mb4 COLLATE=utf8mb4_unicode_ci;
/*!40101 SET character_set_client = @saved_cs_client */;

LOCK TABLES `categories` WRITE;
/*!40000 ALTER TABLE `categories` DISABLE KEYS */;
INSERT INTO `categories` VALUES (1,'2019-02-20 17:05:45','2019-02-20 17:05:45','Онцлох','онцлох',NULL,NULL,'0001'),(2,'2019-02-20 17:05:45','2019-02-20 17:05:45','Дотоод','дотоод',NULL,NULL,'0002'),(3,'2019-02-20 17:05:45','2019-02-20 17:05:45','Гадаад','гадаад',NULL,NULL,'0003'),(4,'2019-02-20 17:05:45','2019-02-20 17:05:45','Орон нутаг','ороннутаг',NULL,NULL,'0004'),(5,'2019-02-20 17:05:45','2019-02-20 17:05:45','Видео','видео',NULL,NULL,'0005'),(6,'2019-02-20 17:05:45','2019-02-20 17:05:45','Урлаг, спорт','урлаг,спорт',NULL,NULL,'0006'),(7,'2019-02-20 17:05:45','2019-02-20 17:05:45','Боловсрол','боловсрол',NULL,NULL,'0007'),(8,'2019-02-20 17:05:45','2019-02-20 17:05:45','Эрдэнэт-40','эрдэнэт-40',NULL,NULL,'0008'),(9,'2019-02-20 17:05:45','2019-02-20 17:05:45','Erdenet Today','erdenet-today',NULL,NULL,'0009'),(10,'2019-02-22 06:29:42','2019-02-22 06:29:42','Фото мэдээ','photenews',NULL,NULL,'000a'),(11,'2019-02-22 06:30:43','2019-02-22 06:30:43','Наадам','naadamm',NULL,10,'000a000b');
/*!40000 ALTER TABLE `categories` ENABLE KEYS */;
UNLOCK TABLES;
DROP TABLE IF EXISTS `category_post`;
/*!40101 SET @saved_cs_client     = @@character_set_client */;
/*!40101 SET character_set_client = utf8 */;
CREATE TABLE `category_post` (
  `id` int(10) unsigned NOT NULL AUTO_INCREMENT,
  `created_at` timestamp NULL DEFAULT NULL,
  `updated_at` timestamp NULL DEFAULT NULL,
  `category_id` int(10) unsigned NOT NULL,
  `post_id` int(10) unsigned NOT NULL,
  PRIMARY KEY (`id`),
  KEY `category_post_category_id_foreign` (`category_id`),
  KEY `category_post_post_id_foreign` (`post_id`),
  CONSTRAINT `category_post_category_id_foreign` FOREIGN KEY (`category_id`) REFERENCES `categories` (`id`) ON DELETE CASCADE,
  CONSTRAINT `category_post_post_id_foreign` FOREIGN KEY (`post_id`) REFERENCES `posts` (`id`) ON DELETE CASCADE
) ENGINE=InnoDB AUTO_INCREMENT=9 DEFAULT CHARSET=utf8mb4 COLLATE=utf8mb4_unicode_ci;
/*!40101 SET character_set_client = @saved_cs_client */;

LOCK TABLES `category_post` WRITE;
/*!40000 ALTER TABLE `category_post` DISABLE KEYS */;
INSERT INTO `category_post` VALUES (1,NULL,NULL,1,1),(2,NULL,NULL,5,1),(3,NULL,NULL,2,2),(4,NULL,NULL,1,3),(5,NULL,NULL,1,4),(6,NULL,NULL,1,5),(7,NULL,NULL,10,6),(8,NULL,NULL,3,7);
/*!40000 ALTER TABLE `category_post` ENABLE KEYS */;
UNLOCK TABLES;
DROP TABLE IF EXISTS `comments`;
/*!40101 SET @saved_cs_client     = @@character_set_client */;
/*!40101 SET character_set_client = utf8 */;
CREATE TABLE `comments` (
  `id` int(10) unsigned NOT NULL AUTO_INCREMENT,
  `created_at` timestamp NULL DEFAULT NULL,
  `updated_at` timestamp NULL DEFAULT NULL,
  `text` text COLLATE utf8mb4_unicode_ci NOT NULL,
  `name` varchar(255) COLLATE utf8mb4_unicode_ci DEFAULT NULL,
  `status` varchar(10) COLLATE utf8mb4_unicode_ci DEFAULT NULL,
  `post_id` int(10) unsigned NOT NULL,
  `user_id` int(10) unsigned DEFAULT NULL,
  `ip` varchar(255) COLLATE utf8mb4_unicode_ci DEFAULT NULL,
  `parent_id` int(10) unsigned DEFAULT NULL,
  PRIMARY KEY (`id`),
  KEY `comments_post_id_foreign` (`post_id`),
  KEY `comments_user_id_foreign` (`user_id`),
  KEY `comments_parent_id_foreign` (`parent_id`),
  CONSTRAINT `comments_parent_id_foreign` FOREIGN KEY (`parent_id`) REFERENCES `comments` (`id`) ON DELETE CASCADE,
  CONSTRAINT `comments_post_id_foreign` FOREIGN KEY (`post_id`) REFERENCES `posts` (`id`),
  CONSTRAINT `comments_user_id_foreign` FOREIGN KEY (`user_id`) REFERENCES `users` (`id`)
) ENGINE=InnoDB AUTO_INCREMENT=3 DEFAULT CHARSET=utf8mb4 COLLATE=utf8mb4_unicode_ci;
/*!40101 SET character_set_client = @saved_cs_client */;

LOCK TABLES `comments` WRITE;
/*!40000 ALTER TABLE `comments` DISABLE KEYS */;
INSERT INTO `comments` VALUES (1,'2019-03-08 07:42:43','2019-03-14 00:49:07','asdfasdf asdf','Зочин','approved',7,NULL,'127.0.0.1',NULL),(2,'2019-03-17 13:09:45','2019-03-17 13:09:45','fgdfg','dfgdfg',NULL,2,NULL,'127.0.0.1',NULL);
/*!40000 ALTER TABLE `comments` ENABLE KEYS */;
UNLOCK TABLES;
DROP TABLE IF EXISTS `companies`;
/*!40101 SET @saved_cs_client     = @@character_set_client */;
/*!40101 SET character_set_client = utf8 */;
CREATE TABLE `companies` (
  `id` int(10) unsigned NOT NULL AUTO_INCREMENT,
  `created_at` timestamp NULL DEFAULT NULL,
  `updated_at` timestamp NULL DEFAULT NULL,
  `name` varchar(255) COLLATE utf8mb4_unicode_ci NOT NULL,
  `name_eng` varchar(255) COLLATE utf8mb4_unicode_ci NOT NULL,
  `about` text COLLATE utf8mb4_unicode_ci NOT NULL,
  `activities` text COLLATE utf8mb4_unicode_ci NOT NULL,
  `country` varchar(255) COLLATE utf8mb4_unicode_ci NOT NULL,
  `reg_num` varchar(255) COLLATE utf8mb4_unicode_ci NOT NULL,
  `tax_num` varchar(255) COLLATE utf8mb4_unicode_ci NOT NULL,
  `vat_num` varchar(255) COLLATE utf8mb4_unicode_ci DEFAULT NULL,
  `address` text COLLATE utf8mb4_unicode_ci NOT NULL,
  `est_year` int(11) NOT NULL,
  `activity_category` varchar(255) COLLATE utf8mb4_unicode_ci NOT NULL,
  `ownership_form` varchar(255) COLLATE utf8mb4_unicode_ci NOT NULL,
  `employee_count` int(11) DEFAULT NULL,
  `customers` text COLLATE utf8mb4_unicode_ci,
  `dir_name` varchar(255) COLLATE utf8mb4_unicode_ci NOT NULL,
  `dir_pos` varchar(255) COLLATE utf8mb4_unicode_ci DEFAULT NULL,
  `dir_mobile` varchar(255) COLLATE utf8mb4_unicode_ci NOT NULL,
  `dir_fax` varchar(255) COLLATE utf8mb4_unicode_ci DEFAULT NULL,
  `dir_email` varchar(255) COLLATE utf8mb4_unicode_ci NOT NULL,
  `contact_name` varchar(255) COLLATE utf8mb4_unicode_ci NOT NULL,
  `contact_pos` varchar(255) COLLATE utf8mb4_unicode_ci DEFAULT NULL,
  `contact_mobile` varchar(255) COLLATE utf8mb4_unicode_ci NOT NULL,
  `contact_fax` varchar(255) COLLATE utf8mb4_unicode_ci DEFAULT NULL,
  `contact_email` varchar(255) COLLATE utf8mb4_unicode_ci NOT NULL,
  `contact_password` varchar(255) COLLATE utf8mb4_unicode_ci DEFAULT NULL,
  `email_verified_at` timestamp NULL DEFAULT NULL,
  `remember_token` varchar(255) COLLATE utf8mb4_unicode_ci DEFAULT NULL,
  `props` json DEFAULT NULL,
  PRIMARY KEY (`id`),
  UNIQUE KEY `companies_contact_email_unique` (`contact_email`)
) ENGINE=InnoDB AUTO_INCREMENT=3 DEFAULT CHARSET=utf8mb4 COLLATE=utf8mb4_unicode_ci;
/*!40101 SET character_set_client = @saved_cs_client */;

LOCK TABLES `companies` WRITE;
/*!40000 ALTER TABLE `companies` DISABLE KEYS */;
INSERT INTO `companies` VALUES (1,'2019-02-24 14:00:01','2019-02-24 14:00:01','Зи Ти Эл ХХК','ZTL LLC','Орхон аймаг','Барилга засвар','Монгол','4393392','4393392','4393392','Орхон аймаг БӨ сум',2013,'service','Үндэсний',2,'Эрдэнэт үйлдвэр','Т. Мөнхзул','Захирал','99360333','99360333','erdenetinfo@gmail.com','Ганцолмон','Нягтлан бодогч','99445566','99360333','lkhagvagerel@yahoo.com',NULL,NULL,NULL,'{\"dir_image\": \"company/1/props->dir_image/C5UCCtM1SBqSUvQoxlqiFGZAvqQemVoEgRDa9vLo.jpeg\", \"hariyalal\": \"Орхон аймаг\", \"questions\": \"Хаана вэ\", \"contact_image\": \"company/1/props->contact_image/veCKVzVPelmB65LBXBu3279a0XYd2RkZzFsTL5Va.jpeg\", \"tax_certificate\": \"company/1/props->tax_certificate/cn5WmVmlyhRuqX3tNff2gvPi16uFUXLrFLf6QEYj.jpeg\", \"dealer_distributer\": \"Номин\", \"cooperation_direction\": \"Компьютер засвар\"}'),(2,'2019-02-28 02:49:27','2019-02-28 02:49:27','cmd.exe','\' or 1=1','test','test','Монгол','3434','rtgh','61616f','343',2009,'service','Үндэсний',23,'bdafb','aerf','raeg','erag','aerg','raegaerg@yahoo.com','aefea','raeg','erag','erag','aerg@yahoo.com',NULL,NULL,NULL,'{\"dir_image\": \"company/2/props->dir_image/RuC4GEuFUpUMdcaiYotVmib1wUeAh7LsJdJkuEuk.jpeg\", \"hariyalal\": \"Налайх дүүрэг\", \"questions\": \"eargaerg\", \"contact_image\": \"company/2/props->contact_image/0cJ5ieNeaRudSyFvk9u4lWLVkLo5ypjb247DciQz.jpeg\", \"tax_certificate\": \"company/2/props->tax_certificate/rHbHDC9TuuqYMWAvNNFrmOCduLCuG6q9eMD1Y7T9.jpeg\", \"dealer_distributer\": \"dbaf\", \"cooperation_direction\": \"dbsa\"}');
/*!40000 ALTER TABLE `companies` ENABLE KEYS */;
UNLOCK TABLES;
DROP TABLE IF EXISTS `company_reviews`;
/*!40101 SET @saved_cs_client     = @@character_set_client */;
/*!40101 SET character_set_client = utf8 */;
CREATE TABLE `company_reviews` (
  `id` int(10) unsigned NOT NULL AUTO_INCREMENT,
  `created_at` timestamp NULL DEFAULT NULL,
  `updated_at` timestamp NULL DEFAULT NULL,
  `rating` double(8,2) NOT NULL,
  `review` text COLLATE utf8mb4_unicode_ci NOT NULL,
  `company_id` int(10) unsigned NOT NULL,
  `user_id` int(10) unsigned NOT NULL,
  PRIMARY KEY (`id`),
  KEY `company_reviews_company_id_foreign` (`company_id`),
  KEY `company_reviews_user_id_foreign` (`user_id`),
  CONSTRAINT `company_reviews_company_id_foreign` FOREIGN KEY (`company_id`) REFERENCES `companies` (`id`),
  CONSTRAINT `company_reviews_user_id_foreign` FOREIGN KEY (`user_id`) REFERENCES `users` (`id`)
) ENGINE=InnoDB AUTO_INCREMENT=3 DEFAULT CHARSET=utf8mb4 COLLATE=utf8mb4_unicode_ci;
/*!40101 SET character_set_client = @saved_cs_client */;

LOCK TABLES `company_reviews` WRITE;
/*!40000 ALTER TABLE `company_reviews` DISABLE KEYS */;
INSERT INTO `company_reviews` VALUES (1,'2019-02-27 03:31:02','2019-02-27 03:31:02',5.00,'Маш сайн компани байна',1,1),(2,'2019-02-28 09:56:25','2019-02-28 09:56:25',3.50,'энэ компани Эрдэнэт үйлдвэр ХХК-д 5 удаа нийлүүлэлт хийсэн гологдол дутагдал илрээгүй',2,1);
/*!40000 ALTER TABLE `company_reviews` ENABLE KEYS */;
UNLOCK TABLES;
DROP TABLE IF EXISTS `jobs`;
/*!40101 SET @saved_cs_client     = @@character_set_client */;
/*!40101 SET character_set_client = utf8 */;
CREATE TABLE `jobs` (
  `id` int(10) unsigned NOT NULL AUTO_INCREMENT,
  `created_at` timestamp NULL DEFAULT NULL,
  `updated_at` timestamp NULL DEFAULT NULL,
  `position` varchar(255) COLLATE utf8mb4_unicode_ci NOT NULL,
  `description` text COLLATE utf8mb4_unicode_ci NOT NULL,
  `type` varchar(50) COLLATE utf8mb4_unicode_ci DEFAULT NULL,
  `count` smallint(6) NOT NULL DEFAULT '1',
  `starts_at` datetime DEFAULT NULL,
  `expires_at` datetime DEFAULT NULL,
  `status` varchar(10) COLLATE utf8mb4_unicode_ci NOT NULL,
  `props` json DEFAULT NULL,
  `user_id` int(10) unsigned NOT NULL,
  PRIMARY KEY (`id`),
  KEY `jobs_user_id_foreign` (`user_id`),
  CONSTRAINT `jobs_user_id_foreign` FOREIGN KEY (`user_id`) REFERENCES `users` (`id`)
) ENGINE=InnoDB AUTO_INCREMENT=6 DEFAULT CHARSET=utf8mb4 COLLATE=utf8mb4_unicode_ci;
/*!40101 SET character_set_client = @saved_cs_client */;

LOCK TABLES `jobs` WRITE;
/*!40000 ALTER TABLE `jobs` DISABLE KEYS */;
INSERT INTO `jobs` VALUES (1,'2019-02-23 06:48:09','2019-02-23 06:48:09','Test','<div>asdfadsf</div>',NULL,3,NULL,'2019-03-09 05:00:00','publish','{\"how_to_apply\": \"<div>asdfadfs</div>\"}',1),(2,'2019-02-23 09:18:46','2019-02-23 09:18:46','ХЭВНИЙ ЗАГВАРЧИН /МУЖААН/','<div>Ажлын байранд тавигдах шаардлага:&nbsp;<br>• Мужааны 3 ба түүнээс дээш зэрэгтэй. /Мэргэжлийн курсийн үнэмлэхтэй байх/<br>• Техникийн шугам зураг зурах, унших чадвартай байх<br>• Ажлын ачааллыг даах чадвартай, хариуцлагатай байх<br>• Мужааны тоног төхөөрөмж, цахилгаан ба гар багажаар ажиллах чадвартай байх<br>• Компьютерын дунд шатны мэдлэгтэй байх<br>• Хамт олноор ба багаар ажиллах чадвартай байх</div>','түр',3,'2019-02-04 12:00:00','2019-02-14 12:00:00','publish','{\"how_to_apply\": \"<div>Эрдэнэт үйлдвэр ХХК-ийн Захиргаа, хүний нөөцийн хэлтсийн 210 тоот өрөөнд сонгон шалгаруулалтын материалыг хүлээн авна.<br>Бүрдүүлэх материалын жагсаалт:<br>1. Иргэний үнэмлэхийн хуулбар<br>2. Төрийн албан хаагчийн анкет бөглөж ирэх<br>3. Мэргэжлийн үнэмлэхний хуулбар (нотариатаар баталгаажуулсан байна)<br>4. Нийгмийн даатгалын дэвтрийн хуулбар<br>*Сонгон шалгаруулалтад оролцохдоо бичиг баримтаа эх хувиар нь авч ирнэ. Тухайлбал: иргэний үнэмлэх, диплом, мэргэжлийн үнэмлэх.<br>*Анкет болон бүрдүүлж өгсөн материалуудыг буцаан олгохгүй болохыг анхаарна уу.&nbsp;<br>ХАРИЛЦАХ УТАС:&nbsp;<br>757-73954.<br>Эрдэнэт үйлдвэр ХХК нь ажилд орох хүсэлт гаргасан иргэн бүрт адил, тэгш боломж олгон, ажилтан сонгон шалгаруулах үйл ажиллагааг шударга, ил тод явуулдаг бөгөөд сонгон шалгаруулалтын эцсийн шийдвэрийг шалгаруулалтын ажлын хэсгийн бүрэлдэхүүн ямар нэгэн зуучлагч хувь хүний оролцоогүйгээр гаргадаг болно.</div>\"}',1),(3,'2019-02-23 09:21:36','2019-02-23 09:21:36','Тэсэлгээчин-лаборант','<div>Мэргэжил: Тэсэлгээчин-лаборант (Уул уурхайн ашиглалт, түүнтэй адилтгах мэргэжлийн сургууль төгссөн байх)<br>Туршлага:&nbsp;<br>• Мэргэжлээрээ 5 ба түүнээс дээш жил ажилласан байх<br>Бусад шаардлага:<br>• Бүрэн дунд ба түүнээс дээш түвшний боловсрол эзэмшсэн байх.&nbsp;<br>• Тэсрэх бодистой харьцаж ажиллах эрхийн үнэмлэхтэй байх.&nbsp;<br>• Мэргэжлийн зэрэг: 6</div>','бүр',1,'2019-01-28 12:20:50','2019-02-21 12:00:05','publish','{\"how_to_apply\": \"<div>Эрдэнэт үйлдвэр ХХК-ийн Захиргаа, хүний нөөцийн хэлтсийн 210 тоот өрөөнд сонгон шалгаруулалтын материалыг хүлээн авна.<br>Бүрдүүлэх материалын жагсаалт:<br>1. Иргэний үнэмлэхийн хуулбар<br>2. Төрийн албан хаагчийн анкет бөглөж ирэх<br>3. Дипломын хуулбар (нотариатаар баталгаажуулсан байна)<br>4. Нийгмийн даатгалын дэвтрийн хуулбар<br>*Сонгон шалгаруулалтад оролцохдоо бичиг баримтаа эх хувиар нь авч ирнэ. Тухайлбал: иргэний үнэмлэх, диплом, мэргэжлийн үнэмлэх.<br>*Анкет болон бүрдүүлж өгсөн материалуудыг буцаан олгохгүй болохыг анхаарна уу.&nbsp;<br>ХАРИЛЦАХ УТАС:&nbsp;<br>757-73954.<br>Эрдэнэт үйлдвэр ХХК нь ажилд орох хүсэлт гаргасан иргэн бүрт адил, тэгш боломж олгон, ажилтан сонгон шалгаруулах үйл ажиллагааг шударга, ил тод явуулдаг бөгөөд сонгон шалгаруулалтын эцсийн шийдвэрийг шалгаруулалтын ажлын хэсгийн бүрэлдэхүүн ямар нэгэн зуучлагч хувь хүний оролцоогүйгээр гаргадаг болно.</div>\"}',1),(4,'2019-02-23 09:23:20','2019-02-23 09:23:20','Цахилгаан ба хийн гагнуурчин','<div>Мэргэжил: Цахилгаан ба хийн гагнуурчин мэргэжилтэй, 3 ба түүнээс дээш зэрэгтэй.&nbsp;<br>Бусад шаардлага:&nbsp;<br>• Өндөр даралтын болон чичиргээт, хөдөлгөөнт ачаалал бүхий ажилд зориулагдсан хайлш, өнгөт металл, ширэм, бүтээц, зангилаа, эд ангид онцгой нарийн аппаратаар хийн болон гар нуман гагнуур хийх чадвартай, дээрх ажлын аргачлалын технологид бүрэн суралцсан.&nbsp;<br>• Өндөрт болон гадна дотор байрлах кран, өргөгчүүд дээр цахилгаан гагнуурын ажлыг гүйцэтгэх чадвартай<br>• Аргон гагнуураар зэвэрдэггүй ган болон хайлш гагнах, өнгөт металл гагнах, зүсэх чадвартай.&nbsp;<br>• Уурын халаах хоолой угсрах, засварлах үеийн гагнуур хийх чадвартай.&nbsp;<br>• Техникийн зургийг уншдаг, зураг төслийн дагуу гагнуурын ажлыг гүйцэтгэдэг, ажлын бүдүүвч зураг, схем гаргаж чаддаг байх.&nbsp;<br>• Анхан шатны тооцоо, шийдэл гаргаж чаддаг байх.&nbsp;<br>Давуу тал:&nbsp;<br>Мэргэжлээрээ 1-ээс дээш жил ажилласан туршлагатай, англи, орос хэлний мэдлэгтэй.</div>','бүр',2,'2019-02-19 12:00:00','2019-03-08 12:00:00','publish','{\"how_to_apply\": \"<div>Сонгон шалгаруулалтад орохыг хүсэгчид Эрдэнэт үйлдвэр ХХК-ийн Захиргаа, хүний нөөцийн хэлтсийн 212 тоот өрөөнд доорх материалыг бүрдүүлэн өгнө.<br>Бүрдүүлэх материалын жагсаалт:<br>1. Иргэний үнэмлэхийн хуулбар<br>2. Төрийн албан хаагчийн анкет бөглөж ирэх<br>3. Дипломын хуулбар (нотариатаар баталгаажуулсан байна)<br>4. Нийгмийн даатгалын дэвтрийн хуулбар<br>*Сонгон шалгаруулалтад оролцохдоо бичиг баримтаа эх хувиар нь авч ирнэ. Тухайлбал: иргэний үнэмлэх, диплом, мэргэжлийн үнэмлэх.<br>*Анкет болон бүрдүүлж өгсөн материалуудыг буцаан олгохгүй болохыг анхаарна уу.&nbsp;<br>ХАРИЛЦАХ УТАС:&nbsp;<br>757-73384.<br>Эрдэнэт үйлдвэр ХХК нь ажилд орох хүсэлт гаргасан иргэн бүрт адил, тэгш боломж олгон, ажилтан сонгон шалгаруулах үйл ажиллагааг шударга, ил тод явуулдаг бөгөөд сонгон шалгаруулалтын эцсийн шийдвэрийг шалгаруулалтын ажлын хэсгийн бүрэлдэхүүн ямар нэгэн зуучлагч хувь хүний оролцоогүйгээр гаргадаг болно.</div>\"}',1),(5,'2019-02-27 05:02:01','2019-02-27 05:08:12','Программ хангамжийн инженер','<div>Мэргэжлээрэй 3-с дээш жил ажилласан-1</div>','түр',2,'2019-02-27 04:00:00','2019-02-28 04:00:00','publish','{\"how_to_apply\": \"<div>Компанийн хүний нөөцийн хэлтэст хандах</div>\"}',1);
/*!40000 ALTER TABLE `jobs` ENABLE KEYS */;
UNLOCK TABLES;
DROP TABLE IF EXISTS `legal_document_categories`;
/*!40101 SET @saved_cs_client     = @@character_set_client */;
/*!40101 SET character_set_client = utf8 */;
CREATE TABLE `legal_document_categories` (
  `id` int(10) unsigned NOT NULL AUTO_INCREMENT,
  `created_at` timestamp NULL DEFAULT NULL,
  `updated_at` timestamp NULL DEFAULT NULL,
  `name` varchar(255) COLLATE utf8mb4_unicode_ci NOT NULL,
  `slug` varchar(255) COLLATE utf8mb4_unicode_ci NOT NULL,
  `parent_id` int(10) unsigned DEFAULT NULL,
  `path` varchar(256) COLLATE utf8mb4_unicode_ci DEFAULT NULL,
  PRIMARY KEY (`id`),
  KEY `legal_document_categories_parent_id_foreign` (`parent_id`),
  KEY `legal_document_categories_slug_index` (`slug`),
  KEY `legal_document_categories_path_index` (`path`),
  CONSTRAINT `legal_document_categories_parent_id_foreign` FOREIGN KEY (`parent_id`) REFERENCES `legal_document_categories` (`id`)
) ENGINE=InnoDB AUTO_INCREMENT=3 DEFAULT CHARSET=utf8mb4 COLLATE=utf8mb4_unicode_ci;
/*!40101 SET character_set_client = @saved_cs_client */;

LOCK TABLES `legal_document_categories` WRITE;
/*!40000 ALTER TABLE `legal_document_categories` DISABLE KEYS */;
INSERT INTO `legal_document_categories` VALUES (2,'2019-02-23 11:19:16','2019-02-23 11:19:16','ЖУРАМ','juramerdenet',NULL,'0002');
/*!40000 ALTER TABLE `legal_document_categories` ENABLE KEYS */;
UNLOCK TABLES;
DROP TABLE IF EXISTS `legal_document_category_pivot`;
/*!40101 SET @saved_cs_client     = @@character_set_client */;
/*!40101 SET character_set_client = utf8 */;
CREATE TABLE `legal_document_category_pivot` (
  `id` int(10) unsigned NOT NULL AUTO_INCREMENT,
  `created_at` timestamp NULL DEFAULT NULL,
  `updated_at` timestamp NULL DEFAULT NULL,
  `category_id` int(10) unsigned NOT NULL,
  `document_id` int(10) unsigned NOT NULL,
  PRIMARY KEY (`id`),
  KEY `legal_document_category_pivot_category_id_foreign` (`category_id`),
  KEY `legal_document_category_pivot_document_id_foreign` (`document_id`),
  CONSTRAINT `legal_document_category_pivot_category_id_foreign` FOREIGN KEY (`category_id`) REFERENCES `legal_document_categories` (`id`) ON DELETE CASCADE,
  CONSTRAINT `legal_document_category_pivot_document_id_foreign` FOREIGN KEY (`document_id`) REFERENCES `legal_documents` (`id`) ON DELETE CASCADE
) ENGINE=InnoDB AUTO_INCREMENT=7 DEFAULT CHARSET=utf8mb4 COLLATE=utf8mb4_unicode_ci;
/*!40101 SET character_set_client = @saved_cs_client */;

LOCK TABLES `legal_document_category_pivot` WRITE;
/*!40000 ALTER TABLE `legal_document_category_pivot` DISABLE KEYS */;
INSERT INTO `legal_document_category_pivot` VALUES (2,NULL,NULL,2,2),(3,NULL,NULL,2,3),(4,NULL,NULL,2,4),(5,NULL,NULL,2,5),(6,NULL,NULL,2,6);
/*!40000 ALTER TABLE `legal_document_category_pivot` ENABLE KEYS */;
UNLOCK TABLES;
DROP TABLE IF EXISTS `legal_documents`;
/*!40101 SET @saved_cs_client     = @@character_set_client */;
/*!40101 SET character_set_client = utf8 */;
CREATE TABLE `legal_documents` (
  `id` int(10) unsigned NOT NULL AUTO_INCREMENT,
  `created_at` timestamp NULL DEFAULT NULL,
  `updated_at` timestamp NULL DEFAULT NULL,
  `name` varchar(255) COLLATE utf8mb4_unicode_ci NOT NULL,
  `description` text COLLATE utf8mb4_unicode_ci NOT NULL,
  `file` varchar(255) COLLATE utf8mb4_unicode_ci NOT NULL,
  `file_name` varchar(255) COLLATE utf8mb4_unicode_ci NOT NULL,
  `status` varchar(10) COLLATE utf8mb4_unicode_ci NOT NULL,
  `user_id` int(10) unsigned NOT NULL,
  PRIMARY KEY (`id`),
  KEY `legal_documents_user_id_foreign` (`user_id`),
  KEY `legal_documents_name_index` (`name`),
  CONSTRAINT `legal_documents_user_id_foreign` FOREIGN KEY (`user_id`) REFERENCES `users` (`id`)
) ENGINE=InnoDB AUTO_INCREMENT=7 DEFAULT CHARSET=utf8mb4 COLLATE=utf8mb4_unicode_ci;
/*!40101 SET character_set_client = @saved_cs_client */;

LOCK TABLES `legal_documents` WRITE;
/*!40000 ALTER TABLE `legal_documents` DISABLE KEYS */;
INSERT INTO `legal_documents` VALUES (1,'2019-02-22 01:15:26','2019-02-22 01:15:26','Үйлдвэрт зочин нэвтрүүлэх журам','<div>йөбайөбыаыйөбаыөба</div>','legal-documents//DQhuoUv1LocDm1u6odJENxT3xmIHhbg4rHw655vE.docx','1211-Эрдэнэт-хотын-өдөр-ШУТП.docx','publish',1),(2,'2019-02-23 11:25:34','2019-02-23 11:25:34','“ЭРДЭНЭТ ҮЙЛДВЭР” ХХК-ИЙН АЖИЛТАНД НЭГ УДААГИЙН  БУЦАЛТГҮЙ МӨНГӨН ТУСЛАМЖ ОЛГОХ ЖУРАМ','<div><strong>Хавсралт №18&nbsp;</strong></div><div><strong>&nbsp;</strong></div><div><strong>&nbsp;</strong></div><div><strong>“ЭРДЭНЭТ ҮЙЛДВЭР” ХХК-ИЙН АЖИЛТАНД НЭГ УДААГИЙН&nbsp;</strong></div><div><strong>БУЦАЛТГҮЙ МӨНГӨН ТУСЛАМЖ ОЛГОХ ЖУРАМ&nbsp;</strong></div><div>&nbsp;</div><div><strong>Нэг. Нийтлэг үндэслэл&nbsp;</strong></div><div>&nbsp; &nbsp; &nbsp; &nbsp; &nbsp; &nbsp; &nbsp; &nbsp; &nbsp; &nbsp; &nbsp; &nbsp; 1.1. “Эрдэнэт үйлдвэр” ХХК-ийн ажилтан, түүний гэр бүлийн амьдралд тэмдэглэлт үйл явдал болон гачигдал зовлон тохиолдсон үед нэг удаагийн буцалтгүй мөнгөн тусламж олгоход энэхүү журмыг баримтлана.&nbsp;</div><div>&nbsp; &nbsp; &nbsp; &nbsp; &nbsp; &nbsp; &nbsp; &nbsp; &nbsp; &nbsp; &nbsp; &nbsp; 1.2. Цехүүдэд олгох буцалтгүй тусламжийн мөнгөн сангийн хэмжээг Ерөнхий захирлын нийгмийн асуудал хариуцсан орлогчтой зөвшилцөн жил бүрийн эхэнд баталж цехүүдэд хүргүүлнэ.&nbsp;</div><div>&nbsp; &nbsp; &nbsp; &nbsp; &nbsp; &nbsp; &nbsp; &nbsp; &nbsp; &nbsp; &nbsp; &nbsp; 1.3. Цехийн болон ерөнхий захиргааны нийгмийн асуудлын комисс /НАК/-ийн шийдвэрээр /Хавсралт 1/ 200000 мянган төгрөг хүртэл, Ерөнхий захирлын нийгмийн асуудал хариуцсан орлогчийн шийдвэрээр /Хавсралт 2/ 400000 мянган төгрөг хүртэл, түүнээс дээш хэмжээний буцалтгүй тусламжийг Ерөнхий захирлын тушаалаар олгоно.&nbsp;</div><div>&nbsp; &nbsp; &nbsp; &nbsp; &nbsp; &nbsp; &nbsp; &nbsp; &nbsp; &nbsp; &nbsp; &nbsp; 1.4. Ерөнхий захиргааны ажилтанд нэг удаагийн буцалтгүй мөнгөн тусламж олгох асуудлыг ерөнхий захиргааны нийгмийн асуудлын комисс шийдвэрлэнэ.&nbsp;</div><div>&nbsp;</div><div><strong>Хоёр. Буцалтгүй тусламж олгох&nbsp;</strong></div><div>2.1. Буцалтгүй тусламжийг хэлтэс, цех, нэгжийн даргын санал болон àæèëòíû хүсэлтийг үндэслэн олгоно.&nbsp;</div><div>2.2. Хэлтэс, цех, нэгжийн даргын саналаар буцалтгүй тусламжийг дараах тохиолдолд компаниас олгоно. Үүнд:&nbsp;</div><div>- Ажилтан анх удаа гэр бүл болоход (компанийн ажилтнууд хоорондоо гэрлэсэн бол тус бүрт)– 500000 төгрөг&nbsp;</div><div>- Ажилтны гэр бүлд шинээр хүүхэд мэндлэхэд хүүхдийн тоогоор тус бүр 100000 төгрөг (эхнэр, нөхөр хоёулаа компанид ажилладаг бол 200000 төгрөг)&nbsp;</div><div>- Ахмад настны 70 насны ой– 200000 төгрөг</div><div>- Ахмад настны 80 ба түүнээс дээш насанд - 300000 төгрөг&nbsp;</div><div>- Ажилтан нас нөгчихөд тус компанид ажилласан жилээс хамаарч Ерөнхий захирлын ниймгийн асуудал хариуцсан орлогчийн саналыг үндэслэн ар гэрт нь Ерөнхий захирлын тушаалаар&nbsp;</div><div>&nbsp; &nbsp; &nbsp; &nbsp; &nbsp; &nbsp; • 5-10 хүртэл жил бол 1 000 000 төгрөг&nbsp;</div><div>&nbsp; &nbsp; &nbsp; &nbsp; &nbsp; &nbsp; • 10-20 хүртэл жил бол 2 000 000 төгрөг&nbsp;</div><div>&nbsp; &nbsp; &nbsp; &nbsp; &nbsp; &nbsp; • 20-30 хүртэл жил бол 3 00 0000 төгрөг&nbsp;</div><div>&nbsp; &nbsp; &nbsp; &nbsp; &nbsp; &nbsp; • 30 ба түүнээс дээш жил бол 4 000 000 төгрөгийн тусламж үзүүлнэ.&nbsp;</div><div>&nbsp;</div><div>2.3. Буцалтгүй тусламжийг дараах тохиолдолд ажиллагсдын хувийн хүсэлтээр олгоно. Үүнд:&nbsp;</div><div>- Гэнэтийн аюул, осолд өртөхөд - 200000 төгрөг&nbsp;</div><div>- Ажилтны эхнэр, нөхөр, хүүхэд, шууд асрамжинд байдаг төрсөн эцэг, эх нас нөгчихөд - 200000 төгрөг&nbsp;</div><div>- Бусад тохиолдолд – 100000-200000 төгрөг.&nbsp;</div><div>&nbsp;</div><div><strong>Гурав. Тусламжинд хамрагдах хүмүүс&nbsp;</strong></div><div>3.1. Нэг удаагийн буцалтгүй мөнгөн тусламжийг доорхи хүмүүст олгоно.&nbsp;</div><div>- Компанид хөдөлмөрийн гэрээ, контрактаар ажиллагч ажилтан&nbsp;</div><div>- Компанийн ахмад настан&nbsp;</div><div>&nbsp;</div><div><strong>Дөрөв. НАК-ын үүрэг&nbsp;</strong></div><div>4.1. Цехийн болон ерөнхий захиргааны НАК нь 3-5 гишүүний бүрэлдэхүүнтэй байна.&nbsp;</div><div>4.2. Комиссын хурлын буцалтгүй мөнгөн тусламж олгох тухай шийдвэрийг протокол үйлдэн цехийн дарга, Ерөнхий захиргааны нийгмийн асуудлын комиссын шийдвэрийг ХНХ-ийн дарга баталгаажуулна. Протоколыг нягтлан бодогчид хүлээлгэж өгснөөр мөнгийг кассаар олгоно.&nbsp;</div><div>4.3. Комисс хуваарилагдсан буцалтгүй тусламжийн мөнгөн санг тухайн жилдээ зөв, зохистой зарцуулах үүргийг хүлээнэ.&nbsp;</div><div>4.4. Хүний нөөцийн менежер ажилтанд олгосон буцалтгүй тусламжийн тухай мэдээллийг хувийн хэрэгт нь тэмдэглэнэ.&nbsp;</div><div>4.5. Жил бүрийн 12 дугаар сарын 20-25-ны дотор Ерөнхий захирлын нийгмийн&nbsp;</div><div>асуудал хариуцсан орлогчид буцалтгүй тусламжийн мөнгөн сангийн зарцуулалтын тайланг гаргаж өгнө.&nbsp;</div><div><strong>Тав. Бусад&nbsp;</strong></div><div>5.1. Энэхүү журмын хэрэгжилтэнд компанийн Хүний нөөцийн хэлтэс хяналт тавина.&nbsp;</div><div>&nbsp;</div><div><strong>“Эрдэнэт үйлдвэр” ХХК<br></strong><br></div>','legal-documents//IUIVVkxE9dQbJZLgrKkYk1re5FnHNePw44n1CSuo.doc','j18.doc','publish',1),(3,'2019-02-23 11:27:06','2019-02-23 11:27:06','“ЭРДЭНЭТ ҮЙЛДВЭР” ХХК-Д ЭРҮҮЛ МЭНДИЙН  ХӨТӨЛБӨР ХЭРЭГЖҮҮЛЭХ ЖУРАМ','<div><strong>Хавсралт №12&nbsp;</strong></div><div>&nbsp;</div><div><strong>“ЭРДЭНЭТ ҮЙЛДВЭР” ХХК-Д ЭРҮҮЛ МЭНДИЙН&nbsp;</strong></div><div><strong>ХӨТӨЛБӨР ХЭРЭГЖҮҮЛЭХ ЖУРАМ&nbsp;</strong></div><div>&nbsp;</div><div><strong>Нэг. Нийтлэг үндэслэл&nbsp;</strong></div><div>1.1. Энэхүү журмын зорилго нь Монгол улсын “Иргэний тухай хууль”, “Эрүүл мэндийн тухай хууль”, “Хөдөлмөрийн тухай хууль”, “Хөдөлмөрийн аюулгүй байдал, эрүүл ахуйн тухай хууль”, Хамтын гэрээг удирдлага болгон “Эрдэнэт үйлдвэр” ХХК /цаашид “компани” гэх/-ийн ажилтан, ҮО, ХХ, МШӨ-ий улмаас хөдөлмөрийн чадвар алдалтын хувь тогтоолгосон хүмүүс ба ахмад настнуудын эрүүл мэндийг хамгаалахад үүсэх харилцааг зохицуулахад оршино.&nbsp;</div><div>1.2. Компанийн хөдөлмөрийн аюулгүй байдал эрүүл ахуйн зөвлөл болон эмнэлэг, сувиллын алба нь эрүүл мэндийн хөтөлбөр хэрэгжүүлэх үйл ажиллагааг хариуцаж ажиллана.&nbsp;</div><div>1.3. Компанийн зүгээс ажилтнуудын эрүүл мэндийн хөтөлбөрийг хэрэгжүүлэхдээ магадлан итгэмжлэгдсэн эмнэлгийн байгууллагын стандартын шаардлагыг хангасан үйл ажиллагаа явуулна.&nbsp;</div><div><strong>Хоёр. Компанийн үүрэг&nbsp;</strong></div><div>2.1. Ажилд шинээр орж буй иргэдийг нарийн мэргэжлийн эмч нарын урьдчилан сэргийлэх үзлэгт хамруулж тухайн ажил мэргэжилд эрүүл мэндээр тэнцэх эсэхийг тогтоож, эрүүл мэндийн санд бүртгэнэ;&nbsp;</div><div>2.2. Ажилтнуудыг жилд нэг удаа батлагдсан хуваарийн дагуу нарийн мэргэжлийн эмч нарын урьдчилан сэргийлэх үзлэгт хамруулна;&nbsp;</div><div>2.3. ЭСА нь урьдчилан сэргийлэх үзлэгийн үр дүнг үндэслэн эмчилгээ шаардлагатай ажилтнуудыг хяналтанд авч, эмчилгээнд хамруулж, шаардлагатай тохиолдолд төрөлжсөн нарийн мэргэжлийн эмч нарын тусламж авах зорилгоор аймгийн БОЭТ, Улаанбаатар хотын клиникийн 3-р шатны эмнэлгүүдийн эмч нар, зөвлөх мэргэжилтнүүдэд илгээх, үзлэг шинжилгээ хийлгэх, эмчлүүлэх ажлыг зохион байгуулна;&nbsp;</div><div>2.5. Өвчний оношлогоо, эмчилгээ, сувилгааны үр дүнг компанийн эмнэлэг хяналтын комисс хянаж ердийн өвчин, осол гэмтлийн улмаас хөдөлмөр зохицуулалт хийлгэх шаардлагатай ажилтны асуудлыг аймгийн Эмнэлэг хөдөлмөрийн магадлах комисст, мэргэжлээс шалтгаалсан өвчний улмаас хөдөлмөр зохицуулалт хийлгэх ажилтны асуудлыг Хөдөлмөрийн нөхцөл, мэргэжлийн өвчин судлалын үндэсний төвд шилжүүлэн шийдвэрлүүлэх;&nbsp;</div><div>2.6. Үйлдвэрлэлийн осол, хурц хордлого, мэргэжлээс шалтгаалах өвчний улмаас хөдөлмөрийн чадвар алдалтын хувь тогтоолгосон хүмүүсийг байнгын хяналтанд авч оношлогоо, эмчилгээ, сувилгааны үр дүн, өвчин эмгэгийн явц, үе шатыг дүгнэх, эмчлэх, сувилах;&nbsp;</div><div>2.7. Компаниас өндөр насны тэтгэвэрт гарсан ахмад настнуудыг жил бүр урьдчилан сэргийлэх үзлэг, улирлын болон улсын чанартай рашаан сувилалд хамруулах;&nbsp;</div><div>2.8. Компанийн ажилтнууд, өндөр насны тэтгэвэрт гарсан ахмад настнуудын эмчилгээнд зориулж компанийн захиргаанаас мөрдөгдөж буй журмын дагуу холбогдох баримт бичгийн үнэн эсэхийг магадлан судалж Эмчилгээний чанар хяналтын хурлаар хэлэлцүүлэн баталгаажуулж эмчилгээний зардалд дэмжлэг үзүүлэх;&nbsp;</div><div>2.9. Монгол улсын Эрүүл мэндийн хууль тогтоомжийг сурталчлах, ажилтнуудад эрүүл мэндийн боловсрол олгох, эрүүл мэндийг дэмжих хөдөлгөөн өрнүүлэх ажлыг холбогдох байгууллагуудтай хамтран зохион байгуулах;&nbsp;</div><div>2.10. Эрүүл мэндийн тусламж үйлчилгээг өргөжүүлж ажилтнуудад эрүүл мэндийн Үндэсний хөтөлбөртэй уялдуулан эрүүл мэндийн тусламж үйлчилгээний чанар, хүртээмжийг сайжруулах;&nbsp;</div><div>2.11. Мэргэжлийн хяналтын газраас зохих зөвшөөрлийг авсан, улсын болон орон нутгийн магадлан итгэмжлэгдсэн рашаан, сувиллын үйлчилгээ, үнэ тарифийн талаар тодорхой мэдээллийг ажилтнуудад хэвлэл мэдээллийн хэрэгслээр хүргэх.&nbsp;</div><div><strong>Гурав. Цех, нэгжийн үүрэг&nbsp;</strong></div><div>3.1. Цех, нэгжийн удирдлага ажлын байрны нөхцлийг сайжруулах, эрүүл мэндийн боловсрол олгох, амьдралын зөв хэв маягийг хэвшүүлэхэд хамт олны идэвхи санаачлагыг өрнүүлэн эрүүл мэндийн хөтөлбөрийг хэрэгжүүлэх;&nbsp;</div><div>3.2. Ажилтнуудын судалгааг гаргаж, эрүүл мэндийн урьдчилан сэргийлэх үзлэгт жил бүр бүрэн хамруулах;&nbsp;</div><div><br><br></div><div>3.3. Урьдчилан сэргийлэх үзлэгээр ажилтан хүнд өвчний улмаас Улаанбаатар хотын клиникийн эмнэлэг, тусгай мэргэжлийн төвүүд болон гадаадад эмчлүүлэх шаардлагатай тохиолдолд буцалтгүй тусламж олгох, эмчлүүлэх нөхцөл бололцоогоор хангах;&nbsp;</div><div>3.4. Цех, нэгжийн хүний нөөцийн менежерүүд ажилтанд улирлын болон улсын чанартай рашаан сувиллын ажиллах хуваарийг шуурхай мэдээлэх, рашаан сувилалд эмчлүүлэх бололцоогоор хангах.&nbsp;</div><div><strong>Дөрөв. Компанийн ажилтнууд, ҮО, ХХ, МШӨ-ний улмаас&nbsp;</strong></div><div><strong>хөдөлмөрийн чадвар алдалтын хувь тогтоолгосон хүмүүс,&nbsp;</strong></div><div><strong>ахмад настнуудын эрх, үүрэг&nbsp;</strong></div><div>4.1. Компанийн ажилтнууд, ҮО, ХХ<strong>, </strong>МШӨ-ний улмаас хөдөлмөрийн чадвар алдалтын хувь тогтоолгосон хүмүүс, ахмад настнууд мөрдөгдөж буй журам (Хамтын гэрээ, “Эрдэнэт” сувилалд сувилуулагчдын мөрдөх журам)-ын дагуу жил бүр хөнгөлөлттэй нөхцлөөр сувилуулах эрхтэй;&nbsp;</div><div>4.2. ҮО, ХХ, МШӨ-ний улмаас хувь тогтоолгосон хүмүүс, компаниас тэтгэвэр тогтоолгосон ахмад настнууд жил бүрийн урьдчилан сэргийлэх үзлэгт хамрагдан компанид мөрдөгдөж буй журмын дагуу эмчилгээ хийлгэж, шаардлагатай бол улсын болон улирлын чанартай рашаан сувилал, саам эмчилгээнд хөнгөлөлттэй үнээр сувилуулах эрхтэй;&nbsp;</div><div>4.3. Ажилтан жил бүрийн урьдчилан сэргийлэх үзлэгт бүрэн хамрагдаж шаардлагатай эмчилгээ, сувилгааг хийлгэх үүрэгтэй;&nbsp;</div><div>4.4. Ажилтан амьдралын зөв хэвшил, дадал зуршилтай байж, эрүүл мэндийг дэмжих хөтөлбөрт идэвхитэй оролцох, эрүүл мэндийн боловсролоо дээшлүүлэх, эрүүл мэндээ сахин хамгаалах үүрэгтэй.&nbsp;</div><div><strong>Тав. Бусад&nbsp;</strong></div><div>5.1. Энэхүү журмын хэрэгжилтэнд компаний Хүний нөөцийн хэлтэс хяналт тавина.&nbsp;</div><div>&nbsp;</div><div><strong>“Эрдэнэт үйлдвэр” ХХК&nbsp;</strong></div><div><br><br></div><div>&nbsp;<br><br></div>','legal-documents//Jwmg2oV9saCnbARNnxBTZE9UUIFFeLYZlROOGfwj.doc','j12.doc','publish',1),(4,'2019-02-23 11:29:08','2019-02-23 11:29:08','“ЭРДЭНЭТ ҮЙЛДВЭР” ХХК-ИЙН АЖИЛТАНД  НЭГ УДААГИЙН ШАГНАЛ ОЛГОХ ЖУРAМ','<div><strong>Хавсралт №11&nbsp;</strong></div><div>&nbsp;</div><div><strong>“ЭРДЭНЭТ ҮЙЛДВЭР” ХХК-ИЙН АЖИЛТАНД&nbsp;</strong></div><div><strong>НЭГ УДААГИЙН ШАГНАЛ ОЛГОХ ЖУРAМ&nbsp;</strong></div><div>&nbsp;</div><div><strong>Нэг. Нийтлэг үндэслэл&nbsp;</strong></div><div>&nbsp; &nbsp; &nbsp; &nbsp; &nbsp; &nbsp; &nbsp; &nbsp; &nbsp; &nbsp; &nbsp; &nbsp; 1.1. Энэхүү журмын зорилго нь “Эрдэнэт үйлдвэр” ХХК /цаашид “компани” гэх/-ийн стратеги, зорилго, зорилтуудыг хэрэгжүүлэхэд ажилтны оруулсан онцгойлох хувь нэмэр, бүтээлч идэвхи санаачилгыг хөхүүлэн шагнах, ажлын байрны тодорхойлолтонд тусгагдаагүй нэмэлт ажил, үүрэг даалгаварыг шуурхай, чанартай биелүүлэх, болзошгүй аваарь ослоос урьдчилан сэргийлэх, өмч хөрөнгө шамшигдуулах хулгайг илрүүлэх г.м. үндэслэлээр ажилтны хүчин чармайлтыг үнэлэн, бүтээлч хандлагыг урамшуулахад оршино.&nbsp;</div><div>&nbsp; &nbsp; &nbsp; &nbsp; &nbsp; &nbsp; &nbsp; &nbsp; &nbsp; &nbsp; &nbsp; &nbsp; 1.2. Компанийн зорилтыг хэрэгжүүлэх явцад ажлын онцгойлох амжилт, удирдлагын үр дүнд хүрсэн ажилтнуудыг урамшуулан, сэдэлжүүлэх зорилгоор <strong>нэг удаагийн шагналын сан </strong>(цаашид “сан” гэх)-г компанийн бизнес-төлөвлөгөөнд тусган Ерөнхий захирлын эдийн засаг эрхэлсэн орлогч баталж, захиран мөрдүүлнэ.&nbsp;</div><div>&nbsp; &nbsp; &nbsp; &nbsp; &nbsp; &nbsp; &nbsp; &nbsp; &nbsp; &nbsp; &nbsp; &nbsp; 1.3. Нэг удаагийн шагнал (цаашид “шагнал” гэх)-аар ажилтанг шагнах төрлүүд:&nbsp;</div><div>&nbsp;</div><div>1.3.1. Төр, салбарын яамдын шагналыг дагалдуулан олгох мөнгөн шагнал;&nbsp;</div><div>1.3.2. Ажлын онцгойлох амжилт, хичээл зүтгэлийг урамшуулан шагнах;&nbsp;</div><div>1.3.3. Мэргэжлийн өдрийг тэмдэглэн, ажилтныг шагнах;&nbsp;</div><div>1.3.4. Бүтээмжийн хөдөлгөөнд оролцож манлайлсан ажилтныг шагнах;&nbsp;</div><div>1.3.5. Онцгой даалгавар гүйцэтгэсэн ажилтныг шагнах;&nbsp;</div><div>1.3.6. Ажилтныг тэмдэглэлт өдрөөр нь урамшуулах.&nbsp;</div><div>1.4. Журмын зорилготой нийцсэн болзлыг хангаж, хамт олноо манлайлсан, онцгойлох ажил, даалгаврыг биелүүлэхэд их хувь нэмэр оруулсан, бүтээлч санаачлага гарган хэрэгжүүлж бодит үр дүнд хүрсэн тэргүүний ажилтанг материаллаг болон материаллаг бус урамшууллын хэлбэрээр тус журмын 1.2-т заасан зориулалтын дагуу сангаас шагнах ба давтамж нь улирлаас доошгүй хугацаатай байна.&nbsp;</div><div>1.5. Хэлтсийн дарга нь хариуцсан чиг үүргийнхээ хүрээнд компанийн үр ашгийг нэмэгдүүлэх оновчтой шийдэлд хүрэх бүтээлч санаачлага, түүнийг хэрэгжүүлэхэд хүчин чармайлт гаргасан ажилтанг шагнах саналыг тухайн ажилтны цех нэгжийн удирдлагад бичгээр хүргүүлнэ.&nbsp;</div><div>1.6. Цех нэгжийн дарга нар нь зөвхөн өөрийн нэгжийн ажилтныг шагнах эрхтэй ба үр ашгийг нэмэгдүүлэх бүтээлч санаачлагыг хэрэгжүүлэхэд хүчин чармайлт гаргасан бусад нэгжийн ажилтныг шагнах саналыг шууд удирдлагад нь бичгээр хүргүүлнэ.&nbsp;</div><div>1.7. Ажилтныг шагнахдаа анхан шатны удирдах ажилтны үндэслэл саналаар цехийн дарга нь, цех, нэгж, мэргэжлийн онцлох ойн өдрөөр тухайн чиг үүрэг хариуцсан хэлтсийн даргын бичгээр ирүүлсэн саналыг харгалзан Ерөнхий захирлын эдийн засаг эрхэлсэн орлогч шийдвэр гаргана.&nbsp;</div><div>1.8. Компани цехийн хөдөлмөрийн дотоод журмыг зөрчиж хөдөлмөрийн сахилгын зөрчил гаргасан ажилтанд сахилгын хариуцлага ногдуулсан тухай тушаал гарсан огноогоос эхлэн нэг жилийн хугацаанд шагнал олгохгүй.&nbsp;</div><div><strong>Хоёр. Шагналын төрлүүд ба хэмжээ&nbsp;</strong></div><div>2.1. <strong>Төр, салбарын яамдын шагналыг дагалдуулан олгох мөнгөн шагнал. </strong>Монгол улс, салбар, компанийн хөгжилд хөдөлмөрийн их хувь нэмэр оруулан өндөр амжилт гаргаж төр, салбарын яамдын шагналаар шагнуулсан ажилтанд мөнгөн шагналыг Ерөнхий захирлын шийдвэрээр олгоно. Үүнд:&nbsp;</div><div>А. Дараах цол хүртсэн бол:&nbsp;</div><div>2.1.1. “Хөдөлмөрийн баатар” цол хүртсэн бол 4.0 сая.төгрөг.&nbsp;</div><div>2.1.2. Төрийн соёрхол хүртсэн бол 3.0 сая.төгрөг.&nbsp;</div><div>2.1.3. “Ардын ......................” цол хүртсэн бол 2.5 сая.төгрөг.&nbsp;</div><div>2.1.4. “Гавьяат .....................” цол хүртсэн бол 2.0 сая.төгрөг.&nbsp;</div><div><br><br></div><div>3&nbsp;</div><div>Б. Дараах одон, медалиар шагнагдсан бол:&nbsp;</div><div>2.1.5. “Чингис хаан” одонгоор шагнагдсан бол 1 сая.төгрөг&nbsp;<br><br></div><div>2.1.6. “Сүхбаатарын одон” –оор шагнагдсан бол 800 мян.төгрөг&nbsp;<br><br></div><div>2.1.7. “Хөдөлмөрийн гавьяаны улаан туг” одонгоор шагнагдсан бол 700 мян.төгрөг&nbsp;<br><br></div><div>2.1.8. “Алтан гадас” –одонгоор шагнагдсан бол 600 мян.төгрөг&nbsp;<br><br></div><div>2.1.9. “Хөдөлмөрийн хүндэт” медалиар шагнагдсан бол 400 мян.төгрөг&nbsp;<br><br></div><div>2.1.10. Салбарын яамдын шагналаар шагнагдсан үед дагалдах мөнгөн урамшууллыг олгоно.&nbsp;<br><br></div><div>2.2. <strong>Ажлын онцгойлох амжилт хичээл зүтгэлийг урамшуулан шагнах. </strong>Компани, цех нэгжийн зорилтыг хэрэгжүүлэхэд манлайлан оролцож, ажлын онцгойлох өндөр амжилт гаргасан ажилтны бүтээлч зүтгэлийг урамшуулах зорилгоор шагнах ба хэмжээ нь сарын үндсэн цалингийн дөч хүртэлх хувьтай тэнцүү байна.&nbsp;</div><div>2.3. <strong>Ажил мэргэжлийн өдрийг тэмдэглэх. </strong>Засгийн газраас тогтоосон мэргэжлийн тэмдэглэлт өдрөөр тухайн ажил, мэргэжлээр ажиллаж буй ажилтнуудын дундаас мэргэшил, эзэмшсэн ур чадвараараа хүлээн зөвшөөрөгдсөн манлайлагчийг тодруулан алдаршуулах материаллаг бус урамшууллын арга хэмжээ авч болно.&nbsp;</div><div>2.4. <strong>Бүтээмжийн хөдөлгөөнд оролцож манлайлсан ажилтныг шагнах. </strong>Бүтээмжийн хөдөлгөөнийг өрнүүлэхэд идэвхтэй оролцож хамт олноо манлайлан шинэ арга барил эзэмших, инновацийн бүтээлч санал санаачлага дэвшүүлэх, ажлын байрны хөдөлмөрлөх орчинг цэгцлэх дадлыг бүрэн хэмжээгээр эзэмшсэн ажилтныг шалгаруулж, бүтээх эрмэлзлэлийг урамшуулах зорилгоор дотоод, гадаадын компаниудад хэрэгжүүлж буй бүтээмжийн ажилтай танилцах, туршлага судлах, солилцох аялалд оролцуулах хэлбэрээр шагнаж болно.&nbsp;</div><div>2.5. <strong>Онцгой даалгавар гүйцэтгэсэн ажилтныг шагнах. </strong>Болзошгүй аваарь ослоос урьдчилан сэргийлсэн, үүссэн осол аваарийг шуурхай арилгах ажлыг богино хугацаанд чанартай гүйцэтгэсэн ажилтныг Ерөнхий захирлын шийдвэрээр шагнана.&nbsp; Шагналын дээд хэмжээ нь биечлэн оролцсон гүйцэтгэлийг харгалзан тухайн ажилтны гурав хүртэлх сарын үндсэн цалингийн хэмжээнээс ихгүй байна.&nbsp;</div><div>2.5.1. Компанид их хэмжээний хохирол, аюул учруулахаас урьдчилан сэргийлэх, нийтийг хамарсан давагдашгүй хүчин зүйл, үндсэн технологийн процессын ноцтой доголдолыг нэн яаралтай засан арилгах, онцгой байдал үүсэхийг аваарьт тооцно.&nbsp;</div><div>2.5.2. Компанийн үйлдвэр техникийн хэлтэс нь аваарийг тодорхойлох, шуурхай арилгах ажлыг хариуцан, мэргэжлийн багийг томилох ба онцгой даалгаварыг багийн ахлагчид гардуулах, аваарийн нөхцөл байдлыг мэдээлэх, ажлын гүйцэтгэлд хяналт тавьж, гүйцэтгэлийн хугацаа, чанарыг үнэлэх биелэлтийг хүлээн авах үүрэг хүлээнэ.&nbsp;</div><div>2.5.2.1. Багийн ажилтны гүйцэтгэлийг үнэлэн урамшуулах асуудлыг санал болгоно.&nbsp;</div><div>2.5.3. Компанийн жилийн ажлын төлөвлөгөөнд тусгагдан батлагдсан ажил, үйлчилгээнүүд нь аваарийн ажилд хамаарахгүй.&nbsp;</div><div>2.5.4. Онцгой даалгавар гүйцэтгэсэн багийн ахлагч нь гүйцэтгэлийн актыг бүрдүүлнэ.&nbsp;</div><div>2.5.5. Гүйцэтгэлийн актанд аваарын нөхцөл байдлыг арилгах ажлын гүйцэтгэлийн хэмжээ, үе шат, үргэлжилсэн хугацаа, холбогдон гаргасан зардлыг тодорхой тусган тэмдэглэсэн байна. Багийн ажилтнуудын гүйцэтгэлийн шалгуур үзүүлэлтийн биелэлтийг тодорхойлж, ажилласан цаг ирцийн бүртгэлийг заавал хавсаргасан байна.&nbsp;</div><div>2.5.6. Үйлдвэр техникийн хэлтэс тухайн даалгаврын гүйцэтгэлийн ач холбогдол, хүрсэн үр дүнгийн талаарх тооцоог боловсруулах ба эдийн засгийн хэлтэс хянан Ерөнхий захирлын эдийн засаг эрхэлсэн орлогчид танилцуулж багийн оролцсон ажилтнуудыг урамшуулах шагналын хэмжээг тогтооно.&nbsp;</div><div>2.5.7. Аваарийг арилгах багийн ажлыг амжилттай удирдан зохион байгуулсан ахлагчийг Ерөнхий захирлын үйлдвэрлэл эрхэлсэн орлогчийн саналаар тусгайлан урамшуулж болно.&nbsp;</div><div><br><br></div><div>2.6. <strong>Ажилтныг тэмдэглэлт өдрөөр нь урамшуулах. </strong>Компанид тасралтгүй 10, 20, 30, 40 жил ажилласан ажилтанд тухайн тэмдэглэлт өдөр нь удирдах ажилтан хамт олны өмнө заавал баяр хүргэнэ.&nbsp;</div><div>2.7. Ажил олгогч нь ажилтны тэмдэглэлт ой 50 нас хүрсэн өдөр нь 500 000 төгрөгийн мөнгөн шагнал, ажилтны 60 нас хүрсэн өдөр нь 1 сая төгрөгийн мөнгөн шагнал олгоно.</div><div><strong>Гурав. Бусад&nbsp;</strong></div><div>3.1. Энэхүү журмын хэрэгжилтэнд эдийн засгийн хэлтэс, хүний нөөцийн хэлтэс хяналт тавина.&nbsp;</div><div><strong>&nbsp;</strong></div><div><strong>“Эрдэнэт үйлдвэр” ХХК&nbsp;</strong></div><div>&nbsp;<br><br></div>','legal-documents//jhxlJCPrfzXNEGoxY6CfoEB2OceulXHAoAZokzsH.doc','j11.doc','publish',1),(5,'2019-02-23 11:30:22','2019-02-23 11:30:22','ИРГЭНИЙГ “ЭРДЭНЭТ ҮЙЛДВЭР” ХХК-Д ХӨЛСӨӨР АЖИЛЛАХ ГЭРЭЭГЭЭР АЖИЛЛУУЛАХ ЖУРАМ','<div><strong>Хавсралт №5&nbsp;</strong></div><div><strong>&nbsp;</strong></div><div><strong>ИРГЭНИЙГ “ЭРДЭНЭТ ҮЙЛДВЭР” ХХК-Д ХӨЛСӨӨР АЖИЛЛАХ ГЭРЭЭГЭЭР АЖИЛЛУУЛАХ ЖУРАМ&nbsp;</strong></div><div>&nbsp;</div><div><strong>Нэг. Нийтлэг үндэслэл&nbsp;</strong></div><div>&nbsp;</div><div>&nbsp; &nbsp; &nbsp; &nbsp; &nbsp; &nbsp; &nbsp; &nbsp; &nbsp; &nbsp; &nbsp; &nbsp; 1.1. Энэхүү журмын зорилго нь “Эрдэнэт үйлдвэр” ХХК-д (цаашид “ажиллуулагч” гэх) тусгай ажил үйлчилгээ, цаг үеийн шаардлагаар үүссэн богино хугацааны ажлыг гүйцэтгүүлэхийн тулд Монгол Улсын Иргэний хуулийн дагуу иргэнийг хөлсөөр ажиллуулах харилцааг зохицуулахад оршино.&nbsp;</div><div>&nbsp; &nbsp; &nbsp; &nbsp; &nbsp; &nbsp; &nbsp; &nbsp; &nbsp; &nbsp; &nbsp; &nbsp; 1.2. Гэрээгээр гүйцэтгүүлэх ажил, үйлчилгээнд зарцуулах хөлс нь тухайн нэгжийн цалин хөлсний сангийн хэмнэлт болон төлбөрт үйлчилгээний орлогоос бүрдэнэ.&nbsp;</div><div>&nbsp;</div><div><strong>Хоёр. Хөлсөөр ажиллах гэрээг байгуулах&nbsp;</strong></div><div>&nbsp;</div><div>2.1. Компанийн цех, нэгж иргэнийг хөлсөөр ажил гүйцэтгүүлэх шаардлага, үндэслэлийг тодорхой зааж компанийн Эдийн засгийн хэлтэстэй урьдчилан зөвшилцөж, хөлсөөр ажил гүйцэтгүүлэх захиалгыг Хүний нөөцийн хэлтэст ирүүлнэ.&nbsp;</div><div>2.2. Иргэнийг хөлсөөр ажиллах гэрээгээр ажиллуулах асуудлыг Ерөнхий захирлын нийгмийн асуудал хариуцсан орлогч шийдвэрлэнэ.&nbsp;</div><div>2.3. Монгол Улсын Иргэний хуулийн 359-368 дугаар зүйлийг үндэслэн мэргэжлийн ур чадвар, ажлын туршлагатай иргэнийг сонгож гэрээ байгуулна. /Хавсралт 1/&nbsp;</div><div>2.4. Хөлсөөр ажиллах гэрээг 6 хүртэл сарын хугацаатай байгуулна.&nbsp;</div><div>2.5. Талуудын хүлээх үүрэг, хариуцлагыг гэрээнд тодорхой тусгана. Ажиллагч ажлын биелэлтийн явцыг тогтсон хугацаанд тайлагнаж талууд хамтран дүгнэнэ.&nbsp;</div><div>2.6. Цех, нэгжийн удирдлага ажил, үйлчилгээг гэрээгээр гүйцэтгүүлэх бэлтгэл ажлыг шуурхай зохион байгуулна.&nbsp;</div><div>2.7. Цех, нэгжийн удирдлага нь хөлсөөр ажиллагчийг хөдөлмөрийн аюулгүй байдал, эрүүл ахуйн дүрэм, заавар бусад холбогдох материалтай танилцуулах, гүйцэтгэх ажлын онцлогийг харгалзан ажлын хувцас, хувийн хамгаалах хэрэгслээр хангана.&nbsp;</div><div>2.8. Хөлсөөр ажиллах гэрээний хөлс нь Монгол улсад мөрдөж буй хөдөлмөрийн хөлсний доод хэмжээнээс багагүй байна.&nbsp;</div><div>2.9 Хөлсөөр ажиллагч ээлжийн амралт эдлэхгүй, нэмэгдэл, урамшуулал, хамтын гэрээний аливаа хөнгөлөлтөнд хамрагдахгүй.&nbsp;</div><div>&nbsp;</div><div>&nbsp;</div><div>&nbsp;</div><div><strong>Гурав. Гэрээг дүгнэх&nbsp;</strong></div><div>&nbsp;</div><div>3.1. Ажиллуулагч нь зөвхөн гэрээгээр тохирсон хөлсийг олгоно.&nbsp;</div><div>3.2. Гэрээнд заасан ажлыг гүйцэтгэсэн баримт нь хөлс олгох үндэслэл болно.&nbsp;</div><div>3.3. Гэрээний гүйцэтгэлийн тайланг нэгжийн дарга бичгээр үйлдэж Хүний нөөцийн хэлтэст ирүүлнэ.&nbsp;</div><div>3.4. Хөлсөөр ажиллах гэрээний хугацааг талууд харилцан тохиролцон сунгаж болно.&nbsp;</div><div><strong>Дөрөв. Гэрээг цуцлах&nbsp;</strong></div><div>&nbsp;</div><div>4.1. Хөлсөөр ажиллагч нь гэрээгээр хүлээсэн үүргээ биелүүлээгүй, хангалтгүй биелүүлсэн, гэрээг зөрчсөн тохиолдолд цех, нэгжийн даргын санал болгосноор Ерөнхий захирлын нийгмийн асуудал эрхэлсэн орлогч гэрээг хугацаанаас нь өмнө цуцлана.&nbsp;</div><div>4.2. Талуудын хооронд маргаан үүсвэл шүүхээр шийдвэрлүүлнэ.&nbsp;</div><div>&nbsp;</div><div><strong>Тав. Бусад&nbsp;</strong></div><div>&nbsp;</div><div>5.1. Хөлсөөр ажиллагч нь өөрийн буруугаас компанид учруулсан хохирлыг төлж барагдуулна.&nbsp;</div><div>5.2. Энэхүү журамд тусгагдаагүй бусад асуудлыг хөлсөөр ажиллах гэрээгээр зохицуулна.&nbsp;</div><div>&nbsp;</div><div><strong>“Эрдэнэт үйлдвэр” ХХК&nbsp;</strong></div>','legal-documents//eXmFp5H5DFHOSz79vY673yNmkheMlka9EKAUnY2C.doc','j5.doc','publish',1),(6,'2019-02-23 11:31:15','2019-02-23 11:31:15','“ЭРДЭНЭТ ҮЙЛДВЭР” ХХК-д  ИРГЭДИЙГ АЖИЛД АВАХ ЖУРАМ','<div><strong>Хавсралт №3&nbsp;</strong></div><div>&nbsp;</div><div><strong>“ЭРДЭНЭТ ҮЙЛДВЭР” ХХК-д&nbsp;</strong></div><div><strong>ИРГЭДИЙГ АЖИЛД АВАХ ЖУРАМ&nbsp;</strong></div><div>&nbsp;</div><div><strong>Нэг. Нийтлэг үндэслэл&nbsp;</strong></div><div>1.1. Энэхүү журмын зорилго нь “Эрдэнэт үйлдвэр” ХХК-ийн /цаашид “компани” гэх/ хүний нөөцийн хэрэгцээг өргөн мэдлэг, мэргэжлийн ур чадвартай ажилтнаар хангах, ажил горилогч иргэдийг сонгон шалгаруулах зарчмаар ажилд авах асуудлыг зохицуулахад оршино.&nbsp;</div><div>1.2. Сонгон шалгаруулалт гэдэг нь хөдөлмөрийн зах зээлээс тухайн ажлын байранд мэргэжил, боловсрол, ур чадвар, эрүүл мэндийн хувьд тохирох иргэдээс сонгох үйл ажиллагаа юм.&nbsp;</div><div><strong>Хоёр. Сонгон шалгаруулалтанд хамрагдах иргэд&nbsp;</strong></div><div>2.1. Компаниас зарлагдсан ажлын байранд бүртгэлийн хугацаанд бүртгүүлсэн иргэд:&nbsp;</div><div>2.1.1. Компанийн зардлаар дотоод, гадаадын их дээд сургууль, коллежийг төгсөгчид;&nbsp;</div><div>2.1.2. Компанийн хүний нөөцийн бодлогоор бэлтгэгдсэн, нөөцөнд бүртгэгдсэн ажилтан;&nbsp;</div><div>2.1.3. Компанид шаардлагатай мэргэжил эзэмшсэн иргэд.&nbsp;</div><div>2.2. Компанийн цех, нэгжид ажиллаж байгаад эрхэлсэн ажилдаа хариуцлагагүй хандсан болон гэм буруутай үйлдлийн улмаас ажил олгогчийн санаачлагаар халагдсан ажилтныг сонгон шалгаруулалтанд оруулахгүй.&nbsp;</div><div>&nbsp;</div><div><strong>Гурав. Ажлын байрны захиалга&nbsp;</strong></div><div>3.1. Хэлтэс, цехийн дарга нар ажлын байр шинээр бий болсон болон чөлөөлөгдсөнөөс хойш ажлын 5 хоногт багтаан ажлын байрны захиалгыг /Хавсралт 1/ ажлын байрны тодорхойлолтын хамт Хүний нөөцийн хэлтэст ирүүлнэ.&nbsp;</div><div>3.2. Хүний нөөцийн хэлтэс нээлттэй ажлын байрыг компанийн цахим хуудсанд зарлаж, анкетаар /Хавсралт 2/ бүртгэнэ.&nbsp;</div><div>3.3. Сонгон шалгаруулалтад оролцох иргэд дараах материалыг бүрдүүлнэ:&nbsp;</div><div>- иргэний үнэмлэх&nbsp;</div><div>- диплом, мэргэжлийн үнэмлэх&nbsp;</div><div>- хөдөлмөрийн дэвтэр, нийгмийн даатгал, эрүүл мэндийн даатгалын дэвтэр&nbsp;</div><div>- ажиллаж байсан албан газрын тодорхойлолт&nbsp;</div><div>3.4. Ажлын байрны тодорхойлолтод заагдсан шаардлагыг хангаагүй, мэргэжлийн үнэмлэх, дипломгүй, баримт бичиг дутуу иргэдийн материалыг хүлээн авахгүй.&nbsp;</div><div>3.5. Энэхүү журмын 3.1-д заасны дагуу ажлын байрны захиалгыг Хүний нөөцийн хэлтэст /цаашид “ХНХ” гэх/ ирүүлээгүй тохиолдолд ажлын байранд иргэнийг ажилд авахыг хориглоно.&nbsp;</div><div>&nbsp;</div><div><strong>Дөрөв. Сонгон шалгаруулалт&nbsp;</strong></div><div>4.1. Сонгон шалгаруулалтыг ХНХ-ийн томилсон комисс зохион байгуулна.&nbsp;</div><div>4.2. Сонгон шалгаруулалт явагдах дараалал:&nbsp;</div><div>4.2.1. Бүртгүүлсэн иргэдийн материалыг судалж, сонголт хийх;&nbsp;</div><div>4.2.2. Сонгогдсон иргэдийн мэргэжлийн онолын мэдлэгийг шалгах;&nbsp;</div><div>4.2.3. Онолын шалгалтанд тэнцсэн иргэдийн ур чадварыг сорилын ажлаар шалгах;&nbsp;</div><div>4.2.4. Сорилын ажилд тэнцсэн иргэдтэй ярилцлага хийж сонгон шалгаруулалтын эцсийн дүнг гаргана.&nbsp;</div><div>4.3. Сонгон шалгаруулалт явуулахдаа анкет, тест болон бичгээр шалгалт авах, ажлын байранд ур чадвар сорилын ажил хийлгэх, ярилцлага хийх зэрэг хэлбэрийг ашиглана.&nbsp;</div><div>4.4. ХНХ нь сонгон шалгаруулалтын тест, асуултыг мэргэжлийн чиглэл тус бүрээр шалгалтын материалын сан бүрдүүлж, цахим хэлбэрээр авах чиглэл баримтална.&nbsp;</div><div>4.5. Сонгон шалгаруулалтанд орсон иргэдийн шалгалтын дүнг комиссын гишүүд хэлэлцэж, протоколоор баталгаажуулж, иргэдэд ил тодоор мэдээлнэ.&nbsp;</div><div><strong>Тав. Бусад&nbsp;</strong></div><div>5.1. Сонгон шалгаруулах комиссын гишүүн, холбогдох мэргэжилтэн шалгалтын материалын нууцыг задруулах, оролцогчдод мэдээлэл өгөх, тэднээс бэлэг авах, энэхүү журмын заалтуудыг илт зөрчсөн үйлдэл хийх зэргээр зөрчил гаргасан нь нотлогдсон тохиолдолд холбогдох хууль тогтоомж, компанийн хөдөлмөрийн дотоод журмын дагуу хариуцлага хүлээлгэнэ.&nbsp;</div><div>5.2. Энэхүү журмын хэрэгжилтэнд ХНХ-ийн дарга хяналт тавина.&nbsp;</div><div>&nbsp;</div><div><strong>“Эрдэнэт үйлдвэр” ХХК</strong></div>','legal-documents//dv2QLj0dC7xFjQtEQKVNsZd8vrreyQjj6yKdWjUV.doc','j3.doc','publish',1);
/*!40000 ALTER TABLE `legal_documents` ENABLE KEYS */;
UNLOCK TABLES;
DROP TABLE IF EXISTS `media`;
/*!40101 SET @saved_cs_client     = @@character_set_client */;
/*!40101 SET character_set_client = utf8 */;
CREATE TABLE `media` (
  `id` int(10) unsigned NOT NULL AUTO_INCREMENT,
  `created_at` timestamp NULL DEFAULT NULL,
  `updated_at` timestamp NULL DEFAULT NULL,
  `file` varchar(255) COLLATE utf8mb4_unicode_ci NOT NULL,
  `original_name` varchar(255) COLLATE utf8mb4_unicode_ci NOT NULL,
  `mime_type` varchar(255) COLLATE utf8mb4_unicode_ci NOT NULL,
  `size` int(11) NOT NULL,
  `description` text COLLATE utf8mb4_unicode_ci,
  `props` json DEFAULT NULL,
  `user_id` int(10) unsigned NOT NULL,
  PRIMARY KEY (`id`),
  KEY `media_user_id_foreign` (`user_id`),
  CONSTRAINT `media_user_id_foreign` FOREIGN KEY (`user_id`) REFERENCES `users` (`id`)
) ENGINE=InnoDB AUTO_INCREMENT=42 DEFAULT CHARSET=utf8mb4 COLLATE=utf8mb4_unicode_ci;
/*!40101 SET character_set_client = @saved_cs_client */;

LOCK TABLES `media` WRITE;
/*!40000 ALTER TABLE `media` DISABLE KEYS */;
INSERT INTO `media` VALUES (1,'2019-02-20 18:41:29','2019-02-20 18:41:29','media/uGndWbfsBxSGZDEthIHjTFgcIlaHNWub2sKepoGk.png','0YqURoI6fIbHpuLcQ79wzfd7CHcRrffzBAsWEO8G.png','image/png',1715485,NULL,NULL,1),(3,'2019-02-20 18:42:16','2019-02-20 18:42:16','media/aCIu3PScVSStJDfwo060rYY7GrKYU722Rn3p4FM5.png','NiYDuGbjbJoH6VrQA5GcgCYEztVFd9WTMFVQBcyb.png','image/png',1082537,NULL,NULL,1),(4,'2019-02-20 18:44:12','2019-02-20 18:44:12','media/H4GcaDdYqoF2eSgtwRC6Uwa3Q3B1W97o9G82t36M.png','5CqTs9qWw4Gyu9IjuXiYEjP2KdPWpHnEGTUXj67X.png','image/png',1993740,NULL,NULL,1),(5,'2019-02-20 18:47:31','2019-02-20 18:47:31','media/5I7ir0PgSVJR4DR6fDydRamClS4Waujs8EutaIfu.png','ZQmcxi3H2Lf8F7WI7lj6ccZ8ZMbuleg0PKm7H7QJ.png','image/png',136942,NULL,NULL,1),(6,'2019-02-20 18:47:56','2019-02-20 18:47:56','media/MHz8FACqyTOJR6lAOV8CeEFo5GG9CCGDCXiza2n9.png','0004.png','image/png',363737,NULL,NULL,1),(7,'2019-02-20 18:51:06','2019-02-20 18:51:06','media/Lf7gkNp5hVlyTf8RMTQ7vS3gWQ8zsGuNiAIQjLnw.png','0007.png','image/png',88802,NULL,NULL,1),(8,'2019-02-20 18:58:37','2019-02-20 18:58:37','media/pGxNjSqtOLkNQEFUnWkPiFaTd7ASxfJ5LZvqfHNY.png','0008.png','image/png',103348,NULL,NULL,1),(9,'2019-02-20 18:58:50','2019-02-20 18:58:50','media/PgjToRpmsuNpyNvqIK6Xvs6jENzH34vBNjPtASJc.png','0009.png','image/png',166953,NULL,NULL,1),(10,'2019-02-20 19:01:04','2019-02-20 19:01:04','media/xfCNx5QKAfpxkWYBOKhrnVTMMLSOuqx1nMcQWtEi.png','00012.png','image/png',416262,NULL,NULL,1),(11,'2019-02-20 19:02:59','2019-02-20 19:02:59','media/PoJPcQHQtWucCOzlaQ4scI0o4wLQxk7azyAo1JSx.png','d3.png','image/png',981258,NULL,NULL,1),(12,'2019-02-20 19:03:24','2019-02-20 19:03:24','media/7XeGmRmMDFdLo1fuQwQNy0H9e5Te0ZW3wj7gOslu.png','d2.png','image/png',832993,NULL,NULL,1),(13,'2019-02-20 19:04:01','2019-02-20 19:04:01','media/4X0TdXxeW6DdfskqDcUlDqBCHPXli4UzYBoZfKKo.png','d1.png','image/png',1111180,NULL,NULL,1),(14,'2019-02-20 19:04:26','2019-02-20 19:04:26','media/S6fC2I3T8rXU8EgJq6sqAJf5J1X1cucLrjbZ0CYY.png','CNV00000004.png','image/png',721416,NULL,NULL,1),(15,'2019-02-20 19:04:46','2019-02-20 19:04:46','media/xGOXeo2wqlfkKc7nYvOGKsiWKJEP6Xh4Gi4x37u7.png','00012.png','image/png',416262,NULL,NULL,1),(17,'2019-02-21 03:05:05','2019-02-21 03:05:05','media/HgeZMZUhoWTcdXn5tVWeX7jMXjNqUMnffJoSbiLu.jpeg','IMG_0772.JPG','image/jpeg',691316,'<div>Олон улсын стандарт “хангалттай” үнэлэгдлээ</div>',NULL,1),(18,'2019-02-21 07:18:05','2019-02-21 07:18:05','media/et17mCujFyPT5CgGPMLUqTiNvVnsLvmLFKERuoEc.jpeg','city-infographics-icons-elements-450w-132368384.jpg','image/jpeg',35299,'<div>Манай Эмнэлэг сувилал нь компанийн нийт ажиллагсад, анхдагч, ахмадууд, МШӨ-ний учир хувь тогтоолгосон хүмүүсийг оношлох, эмчлэх, нөхөн сэргээх үйл ажиллагаа явуулдаг.&nbsp;<br>&nbsp; &nbsp; &nbsp; Жил бүр компанийн 6000 ажилтныг нарийн мэргэжлийн эмч нарын урьдчилан сэргийлэх үзлэгт графикийн дагуу хамруулж хэвшлээ.&nbsp;<br>&nbsp; Эмнэлгийн орчин үеийн багаж, тоног төхөөрөмжөөр бүрэн тоноглогдсон.&nbsp;<br>&nbsp; &nbsp;2013 онд “Эрдэнэт” сувилал магадлан итгэмжлэгдсэн байгууллагын сертификатаа дахин аваад байна.</div>',NULL,1),(19,'2019-02-21 07:20:38','2019-02-21 07:20:38','media/rpAntJP1YqkMmxOxerO39PZt4zqkxZuegJZz5NT7.jpeg','0B3A9934.jpg','image/jpeg',3166690,'<div>быөбы</div>',NULL,1),(20,'2019-02-22 05:53:01','2019-02-22 05:53:01','media/jB2gnPnnDiAIjizYehvhGu6PcB6hXLjJNiBwFjJE.jpeg','_TGS8374.JPG','image/jpeg',4771128,NULL,NULL,1),(21,'2019-02-22 10:23:15','2019-02-22 10:23:15','media/JEFG1rvhUCdJ30uHiPwvRFxemO0KpEDMycY4TLWe.png','slider uurhai.png','image/png',1848174,NULL,NULL,1),(22,'2019-02-23 08:51:58','2019-02-23 08:51:58','media/VxtJBb7VoL3PdzkbeIga9emKrQxGtfoJZOTatEMW.jpeg','mark.jpg','image/jpeg',155013,'<div>Эрдэнэт үйлдвэрийн түүх алтан марканд мөнхөрлөө</div>',NULL,1),(23,'2019-02-23 09:00:01','2019-02-23 09:00:01','media/z8tYZVPflhXjAkuOjeWZFJpYCgPTBij6ueDxcSPy.jpeg','_TGS1305.JPG','image/jpeg',346892,'<div>&nbsp;Эрдэнэт дуу бүжгийн чуулгын дуучин, МУСТА С.Ариун-Эрдэнэ</div>',NULL,1),(24,'2019-02-23 09:03:26','2019-02-23 09:03:26','media/w5Lx0b3g6f0dH2gCMXVNN92eamG2RVEjFqdLTKcs.jpeg','IMG_0772.JPG','image/jpeg',691316,'<div>Эрдэнэт үйлдвэр ХХК, Ил уурхай</div>',NULL,1),(25,'2019-02-23 09:11:50','2019-02-23 09:11:50','media/8hNpXzprzcmx5MZtJwOJj449VDJD9NsGJdKnTTa9.jpeg','uurhaichin.jpg','image/jpeg',90631,NULL,NULL,1),(26,'2019-02-23 09:39:18','2019-02-23 09:39:18','media/hnayJg7fespf8RaCsDyA8Hrfz1NcUqAKyvOYAt4A.png','slider uurhadsd.png','image/png',1259365,NULL,NULL,1),(27,'2019-02-23 11:37:17','2019-02-23 11:37:17','media/hBB0Gc48AIL4D8CA33spAQ8k1tZGAn3d1HU7MZxs.jpeg','_TGS5787.JPG','image/jpeg',490170,NULL,NULL,1),(28,'2019-02-23 11:37:41','2019-02-23 11:37:41','media/kW30G4zbRAqcEeYjgQYk6Zr520tOkQPj0HzlF5rT.jpeg','_TGS5789 (1).JPG','image/jpeg',472091,NULL,NULL,1),(29,'2019-02-23 11:37:49','2019-02-23 11:37:49','media/krXNLrUECGC0Zs3H7Wm734V0dZJ2Sn8Zzub42jXc.jpeg','_TGS5789.JPG','image/jpeg',472091,NULL,NULL,1),(30,'2019-02-23 11:37:56','2019-02-23 11:37:56','media/E1x2aZPO4owLoDYvSE8xGSyzliLK3NGftUlFuGtH.jpeg','_TGS5791.JPG','image/jpeg',305899,NULL,NULL,1),(31,'2019-02-23 11:40:17','2019-02-23 11:40:17','media/PCFmAwfocZgVFYf1Cj6K9ZForeAaL5bESvwDJXB1.jpeg','_TGS5795.JPG','image/jpeg',480067,NULL,NULL,1),(32,'2019-02-23 11:40:33','2019-02-23 11:40:33','media/8LXVYlBWLjDviVPG9P7oreqTaSFnmJdwS2rzbkfO.jpeg','_TGS5797.JPG','image/jpeg',345433,NULL,NULL,1),(33,'2019-02-23 11:40:41','2019-02-23 11:40:41','media/pIl2NALYwzCGGtBOocs1owA3MzPmWZIau5fr02z1.jpeg','_TGS5798.JPG','image/jpeg',327702,NULL,NULL,1),(34,'2019-02-23 11:40:53','2019-02-23 11:40:53','media/3dzl7kJEmvsny4JQxBf8ajvWiwwXmarwjzXaoV7D.jpeg','_TGS5819.JPG','image/jpeg',333339,NULL,NULL,1),(35,'2019-02-23 11:41:09','2019-02-23 11:41:09','media/dYGmKBmMCoIGg9tSOHwixqOxikMQBU9rwuplu17T.jpeg','_TGS5824.JPG','image/jpeg',306471,NULL,NULL,1),(36,'2019-02-23 11:41:25','2019-02-23 11:41:25','media/aPtGaaGcE2wB0jQnJa4wTHpp9d9Fwrxs5700mXux.jpeg','_TGS5827.JPG','image/jpeg',338999,NULL,NULL,1),(37,'2019-02-23 11:41:40','2019-02-23 11:41:40','media/RUt8OmJc5R3JRQXjIjDlle5STpwxMhIKm6Y2yvQ0.jpeg','_TGS5831.JPG','image/jpeg',345896,NULL,NULL,1),(38,'2019-02-23 11:41:50','2019-02-23 11:41:50','media/iOalPrYbzREeyErSJ2En5QEhHSYP4SKpR5s4xITe.jpeg','_TGS5835.JPG','image/jpeg',299193,NULL,NULL,1),(39,'2019-02-23 11:42:02','2019-02-23 11:42:02','media/mMYXcYlXyhynAz3K2NVtI9erKqw2gdPPI28C7BK2.jpeg','_TGS5840.JPG','image/jpeg',363340,NULL,NULL,1),(40,'2019-02-27 04:47:44','2019-02-27 04:47:44','media/OW6AZnLeWMq8lvYClvjlDUoEWluCcJJGIiJHzNIz.jpeg','gadaad.jpg','image/jpeg',65151,'<div>Гадаад<a href=\"https://news.mn/r/2093800/\"><br>https://news.mn/r/2093800/</a></div>',NULL,1),(41,'2019-04-25 05:19:59','2019-04-25 05:19:59','media/x4Ii4iXReTdWKqwwD2kJowZcw89keHRsKBhUfzuT.jpeg','4-20.JPG','image/jpeg',457855,NULL,NULL,1);
/*!40000 ALTER TABLE `media` ENABLE KEYS */;
UNLOCK TABLES;
DROP TABLE IF EXISTS `mediables`;
/*!40101 SET @saved_cs_client     = @@character_set_client */;
/*!40101 SET character_set_client = utf8 */;
CREATE TABLE `mediables` (
  `id` int(10) unsigned NOT NULL AUTO_INCREMENT,
  `created_at` timestamp NULL DEFAULT NULL,
  `updated_at` timestamp NULL DEFAULT NULL,
  `mediable_id` int(10) unsigned NOT NULL,
  `mediable_type` varchar(255) COLLATE utf8mb4_unicode_ci NOT NULL,
  `collection` varchar(255) COLLATE utf8mb4_unicode_ci DEFAULT NULL,
  `media_id` int(10) unsigned NOT NULL,
  PRIMARY KEY (`id`),
  KEY `mediables_media_id_foreign` (`media_id`),
  CONSTRAINT `mediables_media_id_foreign` FOREIGN KEY (`media_id`) REFERENCES `media` (`id`)
) ENGINE=InnoDB AUTO_INCREMENT=9 DEFAULT CHARSET=utf8mb4 COLLATE=utf8mb4_unicode_ci;
/*!40101 SET character_set_client = @saved_cs_client */;

LOCK TABLES `mediables` WRITE;
/*!40000 ALTER TABLE `mediables` DISABLE KEYS */;
INSERT INTO `mediables` VALUES (1,NULL,NULL,1,'App\\Post','featuredImage',21),(2,NULL,NULL,2,'App\\Post','featuredImage',22),(3,NULL,NULL,3,'App\\Post','featuredImage',23),(4,NULL,NULL,4,'App\\Post','featuredImage',24),(5,NULL,NULL,5,'App\\Post','featuredImage',25),(6,NULL,NULL,6,'App\\Post','featuredImage',39),(7,NULL,NULL,98,'App\\Page','featuredImage',40),(8,NULL,NULL,7,'App\\Post','featuredImage',40);
/*!40000 ALTER TABLE `mediables` ENABLE KEYS */;
UNLOCK TABLES;
DROP TABLE IF EXISTS `menu_items`;
/*!40101 SET @saved_cs_client     = @@character_set_client */;
/*!40101 SET character_set_client = utf8 */;
CREATE TABLE `menu_items` (
  `id` int(10) unsigned NOT NULL AUTO_INCREMENT,
  `created_at` timestamp NULL DEFAULT NULL,
  `updated_at` timestamp NULL DEFAULT NULL,
  `name` varchar(255) COLLATE utf8mb4_unicode_ci NOT NULL,
  `url` varchar(255) COLLATE utf8mb4_unicode_ci NOT NULL,
  `order` int(11) NOT NULL DEFAULT '0',
  `path` varchar(256) COLLATE utf8mb4_unicode_ci DEFAULT NULL,
  `props` json DEFAULT NULL,
  `menu_id` int(10) unsigned NOT NULL,
  `parent_id` int(10) unsigned DEFAULT NULL,
  PRIMARY KEY (`id`),
  KEY `menu_items_menu_id_foreign` (`menu_id`),
  KEY `menu_items_parent_id_foreign` (`parent_id`),
  CONSTRAINT `menu_items_menu_id_foreign` FOREIGN KEY (`menu_id`) REFERENCES `menus` (`id`) ON DELETE CASCADE,
  CONSTRAINT `menu_items_parent_id_foreign` FOREIGN KEY (`parent_id`) REFERENCES `menu_items` (`id`) ON DELETE CASCADE
) ENGINE=InnoDB AUTO_INCREMENT=197 DEFAULT CHARSET=utf8mb4 COLLATE=utf8mb4_unicode_ci;
/*!40101 SET character_set_client = @saved_cs_client */;

LOCK TABLES `menu_items` WRITE;
/*!40000 ALTER TABLE `menu_items` DISABLE KEYS */;
INSERT INTO `menu_items` VALUES (1,'2019-02-20 17:05:44','2019-02-20 17:05:44','Бидний тухай','about',0,'0001','[]',1,NULL),(2,'2019-02-20 17:05:44','2019-02-20 17:05:44','Үйл ажиллагаа','operations',0,'0002','[]',1,NULL),(3,'2019-02-20 17:05:44','2019-02-20 17:05:44','Бүтээгдэхүүн','products',0,'0003','[]',1,NULL),(4,'2019-02-20 17:05:44','2019-02-20 17:05:44','Хүний нөөц','human-resource',0,'0004','[]',1,NULL),(5,'2019-02-20 17:05:44','2019-02-20 17:05:44','Худалдан авалт','procurement',0,'0005','[]',1,NULL),(6,'2019-02-20 17:05:44','2019-02-20 17:05:44','Шилэн данс','shilen-dans',0,'0006','[]',1,NULL),(7,'2019-02-20 17:05:44','2019-02-20 17:05:44','Erdenet Today','news/cat/erdenet-today',0,'0007','{\"class\": \"bg-secondary px-3 text-white hover:text-white\"}',1,NULL),(8,'2019-02-20 17:05:44','2019-02-20 17:05:44','Бидний тухай','about',0,'0008','[]',2,NULL),(9,'2019-02-20 17:05:44','2019-02-20 17:05:44','Товч танилцуулга','about',0,'00080009','[]',2,8),(10,'2019-02-20 17:05:44','2019-02-20 17:05:44','Эрхэм зорилго','about/mission',0,'0008000a','[]',2,8),(11,'2019-02-20 17:05:44','2019-02-20 17:05:44','Төлөөлөн удирдах зөвлөл','about/board',0,'0008000b','[]',2,8),(12,'2019-02-20 17:05:44','2019-02-20 17:05:44','Удирдлагууд','about/management',0,'0008000c','[]',2,8),(13,'2019-02-20 17:05:44','2019-02-20 17:05:44','Хөгжлийн зүгт','about/developement',0,'0008000d','[]',2,8),(14,'2019-02-20 17:05:44','2019-02-20 17:05:44','Шагнал','about/prize',0,'0008000e','[]',2,8),(15,'2019-02-20 17:05:44','2019-02-20 17:05:44','Түүх','about/history',0,'0008000f','[]',2,8),(16,'2019-02-20 17:05:44','2019-02-20 17:05:44','Хамтын ажиллагаа','about/cooperation',0,'0008000g','[]',2,8),(17,'2019-02-20 17:05:44','2019-02-20 17:05:44','Худалдан авалт','procurement',0,'000h','[]',2,NULL),(18,'2019-02-20 17:05:44','2019-02-20 17:05:44','Тендерийн урилга','procurement',0,'000h000i',NULL,2,17),(19,'2019-02-20 17:05:44','2019-02-20 17:05:44','Худалдан авалтын бодлого','procurement/policy',0,'000h000j',NULL,2,17),(20,'2019-02-20 17:05:44','2019-02-20 17:05:44','Тендерийн үр дүн','procurement/result',0,'000h000k',NULL,2,17),(21,'2019-02-20 17:05:44','2019-02-20 17:05:44','Бүрдүүлэх материал','procurement/documents',0,'000h000l',NULL,2,17),(22,'2019-02-20 17:05:44','2019-02-20 17:05:44','Худалдах бараа материал','procurement/products-for-sale',0,'000h000m',NULL,2,17),(23,'2019-02-20 17:05:44','2019-02-20 17:05:44','Бүртгэл','procurement/company/register',0,'000h000n',NULL,2,17),(24,'2019-02-20 17:05:44','2019-02-20 17:05:44','Бүтээгдэхүүн','products',0,'000o','[]',2,NULL),(25,'2019-02-20 17:05:44','2019-02-20 17:05:44','Зэсийн баяжмал','products',0,'000o000p',NULL,2,24),(26,'2019-02-20 17:05:44','2019-02-20 17:05:44','Молибдены баяжмал','products/mo-concentrates',0,'000o000q',NULL,2,24),(27,'2019-02-20 17:05:44','2019-02-20 17:05:44','Өрсөлдөх чадвар','products/competitiveness',0,'000o000r',NULL,2,24),(28,'2019-02-20 17:05:44','2019-02-20 17:05:44','Зэс молибдены үнэ','https://www.lme.com/',0,'000o000s',NULL,2,24),(29,'2019-02-20 17:05:44','2019-02-20 17:05:44','Үйл ажиллагаа','operations',0,'000t','[]',2,NULL),(30,'2019-02-20 17:05:44','2019-02-20 17:05:44','Үйлдвэрлэлийн үзүүлэлт','operations',0,'000t000u',NULL,2,29),(31,'2019-02-20 17:05:44','2019-02-20 17:05:44','Геологи хайгуул','operations/geo-pros',0,'000t000v',NULL,2,29),(32,'2019-02-20 17:05:44','2019-02-20 17:05:44','Олборлолт','operations/mining',0,'000t000w',NULL,2,29),(33,'2019-02-20 17:05:44','2019-02-20 17:05:44','Тээвэрлэлт','operations/transporting',0,'000t000x',NULL,2,29),(34,'2019-02-20 17:05:44','2019-02-20 17:05:44','Баяжуулалт','operations/processing',0,'000t000y',NULL,2,29),(35,'2019-02-20 17:05:44','2019-02-20 17:05:44','Тоног төхөөрөмжийн үйлдвэрлэл','operations/rmz',0,'000t000z',NULL,2,29),(36,'2019-02-20 17:05:44','2019-02-20 17:05:44','Эрчим хүч','operations/energy',0,'000t0010',NULL,2,29),(37,'2019-02-20 17:05:44','2019-02-20 17:05:44','Автоматжуулалт','operations/automation',0,'000t0011',NULL,2,29),(38,'2019-02-20 17:05:44','2019-02-20 17:05:44','Чанар стандарт','operations/quality',0,'000t0012',NULL,2,29),(39,'2019-02-20 17:05:44','2019-02-20 17:05:44','Хөдөлмөрийн аюулгүй байдал, эрүүл ахуй','operations/safety',0,'000t0013',NULL,2,29),(40,'2019-02-20 17:05:44','2019-02-20 17:05:44','Хууль, журам','operations/law',0,'000t0014',NULL,2,29),(41,'2019-02-20 17:05:44','2019-02-20 17:05:44','Байгаль орчин','operations/ecology',0,'000t0015',NULL,2,29),(42,'2019-02-20 17:05:44','2019-02-20 17:05:44','Хөрөнгө оруулалт','operations/investment',0,'000t0016',NULL,2,29),(43,'2019-02-20 17:05:44','2019-02-20 17:05:44','Хүний нөөц','human-resource',0,'0017','[]',2,NULL),(44,'2019-02-20 17:05:44','2019-02-20 17:05:44','Хүний нөөцийн бодлого','human-resource/',0,'00170018',NULL,2,43),(45,'2019-02-20 17:05:44','2019-02-20 17:05:44','Нээлттэй ажлын байр','human-resource/job-vacancy',0,'00170019',NULL,2,43),(46,'2019-02-20 17:05:44','2019-02-20 17:05:44','Хамтын гэрээний хэрэгжилт','human-resource/cont-result',0,'0017001a',NULL,2,43),(47,'2019-02-20 17:05:44','2019-02-20 17:05:44','Хөдөлмөрийн баатрууд','human-resource/heroes-of-labour',0,'0017001b',NULL,2,43),(48,'2019-02-20 17:05:44','2019-02-20 17:05:44','Гавъяат ажилтнууд','human-resource/merited-employees',0,'0017001c',NULL,2,43),(49,'2019-02-20 17:05:44','2019-02-20 17:05:44','Хөдөлмөрийн аваргууд','human-resource/best-employees',0,'0017001d',NULL,2,43),(50,'2019-02-20 17:05:44','2019-02-20 17:05:44','Хөдөлмөрийн алдартнууд','human-resource/honored-employees',0,'0017001e',NULL,2,43),(51,'2019-02-20 17:05:44','2019-02-20 17:05:44','Нийгмийн хариуцлага','social-responsibility',0,'001f','[]',2,NULL),(52,'2019-02-20 17:05:44','2019-02-20 17:05:44','Бүтээн байгуулалт','social-responsibility/developement',0,'001f001g',NULL,2,51),(53,'2019-02-20 17:05:44','2019-02-20 17:05:44','Эрүүл мэнд','social-responsibility/health',0,'001f001h',NULL,2,51),(54,'2019-02-20 17:05:44','2019-02-20 17:05:44','Боловсрол','social-responsibility/education',0,'001f001i',NULL,2,51),(55,'2019-02-20 17:05:44','2019-02-20 17:05:44','Спорт','social-responsibility/sports',0,'001f001j',NULL,2,51),(56,'2019-02-20 17:05:44','2019-02-20 17:05:44','Соёл','social-responsibility/culture',0,'001f001k',NULL,2,51),(57,'2019-02-20 17:05:44','2019-02-20 17:05:44','Амралт','social-responsibility/relax',0,'001f001l',NULL,2,51),(58,'2019-02-20 17:05:44','2019-02-20 17:05:44','Шилэн данс','shilen-dans',0,'001m','[]',2,NULL),(59,'2019-02-20 17:05:44','2019-02-20 17:05:44','2017','shilen-dans/2017',0,'001m001n',NULL,2,58),(60,'2019-02-20 17:05:44','2019-02-20 17:05:44','2018','shilen-dans/2018',0,'001m001o',NULL,2,58),(61,'2019-02-20 17:05:44','2019-02-20 17:05:44','Бидний тухай','about',0,'001p','[]',3,NULL),(62,'2019-02-20 17:05:44','2019-02-20 17:05:44','Товч танилцуулга','about',0,'001p001q','[]',3,61),(63,'2019-02-20 17:05:44','2019-02-20 17:05:44','Эрхэм зорилго','about/mission',0,'001p001r','[]',3,61),(64,'2019-02-20 17:05:44','2019-02-20 17:05:44','Төлөөлөн удирдах зөвлөл','about/board',0,'001p001s','[]',3,61),(65,'2019-02-20 17:05:44','2019-02-20 17:05:44','Удирдлагууд','about/management',0,'001p001t','[]',3,61),(66,'2019-02-20 17:05:44','2019-02-20 17:05:44','Хөгжлийн зүгт','about/developement',0,'001p001u','[]',3,61),(67,'2019-02-20 17:05:44','2019-02-20 17:05:44','Шагнал','about/prize',0,'001p001v','[]',3,61),(68,'2019-02-20 17:05:44','2019-02-20 17:05:44','Түүх','about/history',0,'001p001w','[]',3,61),(69,'2019-02-20 17:05:44','2019-02-20 17:05:44','Хамтын ажиллагаа','about/cooperation',0,'001p001x','[]',3,61),(70,'2019-02-20 17:05:44','2019-02-20 17:05:44','Худалдан авалт','procurement',0,'001y','[]',3,NULL),(71,'2019-02-20 17:05:44','2019-02-20 17:05:44','Тендерийн урилга','procurement',0,'001y001z',NULL,3,70),(72,'2019-02-20 17:05:44','2019-02-20 17:05:44','Худалдан авалтын бодлого','procurement/policy',0,'001y0020',NULL,3,70),(73,'2019-02-20 17:05:44','2019-02-20 17:05:44','Тендерийн үр дүн','procurement/result',0,'001y0021',NULL,3,70),(74,'2019-02-20 17:05:44','2019-02-20 17:05:44','Бүрдүүлэх материал','procurement/documents',0,'001y0022',NULL,3,70),(75,'2019-02-20 17:05:44','2019-02-20 17:05:44','Худалдах бараа материал','procurement/products-for-sale',0,'001y0023',NULL,3,70),(76,'2019-02-20 17:05:44','2019-02-20 17:05:44','Бүртгэл','procurement/company/register',0,'001y0024',NULL,3,70),(77,'2019-02-20 17:05:44','2019-02-20 17:05:44','Бүтээгдэхүүн','products',0,'0025','[]',3,NULL),(78,'2019-02-20 17:05:44','2019-02-20 17:05:44','Зэсийн баяжмал','products',0,'00250026',NULL,3,77),(79,'2019-02-20 17:05:44','2019-02-20 17:05:44','Молибдены баяжмал','products/mo-concentrates',0,'00250027',NULL,3,77),(80,'2019-02-20 17:05:44','2019-02-20 17:05:44','Өрсөлдөх чадвар','products/competitiveness',0,'00250028',NULL,3,77),(81,'2019-02-20 17:05:44','2019-02-20 17:05:44','Зэс молибдены үнэ','https://www.lme.com/',0,'00250029',NULL,3,77),(82,'2019-02-20 17:05:44','2019-02-20 17:05:44','Үйл ажиллагаа','operations',0,'002a','[]',3,NULL),(83,'2019-02-20 17:05:44','2019-02-20 17:05:44','Үйлдвэрлэлийн үзүүлэлт','operations',0,'002a002b',NULL,3,82),(84,'2019-02-20 17:05:44','2019-02-20 17:05:44','Геологи хайгуул','operations/geo-pros',0,'002a002c',NULL,3,82),(85,'2019-02-20 17:05:44','2019-02-20 17:05:44','Олборлолт','operations/mining',0,'002a002d',NULL,3,82),(86,'2019-02-20 17:05:44','2019-02-20 17:05:44','Тээвэрлэлт','operations/transporting',0,'002a002e',NULL,3,82),(87,'2019-02-20 17:05:44','2019-02-20 17:05:44','Баяжуулалт','operations/processing',0,'002a002f',NULL,3,82),(88,'2019-02-20 17:05:44','2019-02-20 17:05:44','Тоног төхөөрөмжийн үйлдвэрлэл','operations/rmz',0,'002a002g',NULL,3,82),(89,'2019-02-20 17:05:44','2019-02-20 17:05:44','Эрчим хүч','operations/energy',0,'002a002h',NULL,3,82),(90,'2019-02-20 17:05:44','2019-02-20 17:05:44','Автоматжуулалт','operations/automation',0,'002a002i',NULL,3,82),(91,'2019-02-20 17:05:44','2019-02-20 17:05:44','Чанар стандарт','operations/quality',0,'002a002j',NULL,3,82),(92,'2019-02-20 17:05:44','2019-02-20 17:05:44','Хөдөлмөрийн аюулгүй байдал, эрүүл ахуй','operations/safety',0,'002a002k',NULL,3,82),(93,'2019-02-20 17:05:44','2019-02-20 17:05:44','Хууль, журам','operations/law',0,'002a002l',NULL,3,82),(94,'2019-02-20 17:05:44','2019-02-20 17:05:44','Байгаль орчин','operations/ecology',0,'002a002m',NULL,3,82),(95,'2019-02-20 17:05:44','2019-02-20 17:05:44','Хөрөнгө оруулалт','operations/investment',0,'002a002n',NULL,3,82),(96,'2019-02-20 17:05:44','2019-02-20 17:05:44','Хүний нөөц','human-resource',0,'002o','[]',3,NULL),(97,'2019-02-20 17:05:44','2019-02-20 17:05:44','Хүний нөөцийн бодлого','human-resource/',0,'002o002p',NULL,3,96),(98,'2019-02-20 17:05:44','2019-02-20 17:05:44','Нээлттэй ажлын байр','human-resource/job-vacancy',0,'002o002q',NULL,3,96),(99,'2019-02-20 17:05:44','2019-02-20 17:05:44','Хамтын гэрээний хэрэгжилт','human-resource/cont-result',0,'002o002r',NULL,3,96),(100,'2019-02-20 17:05:44','2019-02-20 17:05:44','Хөдөлмөрийн баатрууд','human-resource/heroes-of-labour',0,'002o002s',NULL,3,96),(101,'2019-02-20 17:05:44','2019-02-20 17:05:44','Гавъяат ажилтнууд','human-resource/merited-employees',0,'002o002t',NULL,3,96),(102,'2019-02-20 17:05:44','2019-02-20 17:05:44','Хөдөлмөрийн аваргууд','human-resource/best-employees',0,'002o002u',NULL,3,96),(103,'2019-02-20 17:05:44','2019-02-20 17:05:44','Хөдөлмөрийн алдартнууд','human-resource/honored-employees',0,'002o002v',NULL,3,96),(104,'2019-02-20 17:05:44','2019-02-20 17:05:44','Нийгмийн хариуцлага','social-responsibility',0,'002w','[]',3,NULL),(105,'2019-02-20 17:05:44','2019-02-20 17:05:44','Бүтээн байгуулалт','social-responsibility/developement',0,'002w002x',NULL,3,104),(106,'2019-02-20 17:05:44','2019-02-20 17:05:44','Эрүүл мэнд','social-responsibility/health',0,'002w002y',NULL,3,104),(107,'2019-02-20 17:05:44','2019-02-20 17:05:44','Боловсрол','social-responsibility/education',0,'002w002z',NULL,3,104),(108,'2019-02-20 17:05:44','2019-02-20 17:05:44','Спорт','social-responsibility/sports',0,'002w0030',NULL,3,104),(109,'2019-02-20 17:05:44','2019-02-20 17:05:44','Соёл','social-responsibility/culture',0,'002w0031',NULL,3,104),(110,'2019-02-20 17:05:44','2019-02-20 17:05:44','Амралт','social-responsibility/relax',0,'002w0032',NULL,3,104),(111,'2019-02-20 17:05:44','2019-02-20 17:05:44','Шилэн данс','shilen-dans',0,'0033','[]',3,NULL),(112,'2019-02-20 17:05:44','2019-02-20 17:05:44','2017','shilen-dans/2017',0,'00330034',NULL,3,111),(113,'2019-02-20 17:05:44','2019-02-20 17:05:44','2018','shilen-dans/2018',0,'00330035',NULL,3,111),(114,'2019-02-20 17:05:44','2019-02-20 17:05:44','Зургийн цомог','gallery',0,'0036','[]',3,NULL),(115,'2019-02-20 17:05:44','2019-02-20 17:05:44','Наадам','gallery/naadam',0,'00360037',NULL,3,114),(116,'2019-02-20 17:05:44','2019-02-20 17:05:44','Үйл ажиллагаа','gallery/uil-ajillagaa',0,'00360038',NULL,3,114),(117,'2019-02-20 17:05:44','2019-02-20 17:05:44','Үйлдвэрийн зургууд','gallery/uildver',0,'00360039',NULL,3,114),(118,'2019-02-20 17:05:44','2019-02-20 17:05:44','Түүхэн зургууд','gallery/tuuhen',0,'0036003a',NULL,3,114),(119,'2019-02-27 03:25:39','2019-02-27 09:56:22','ХҮНИЙ НӨӨЦИЙН БОДЛОГО','human-resource',1,'003b','{\"class\": null}',4,NULL),(120,'2019-02-27 09:44:21','2019-02-27 09:56:51','ХАМТЫН ГЭРЭЭНИЙ ХЭРЭГЖИЛТ','human-resource/cont-result',2,'003c','{\"class\": null}',4,NULL),(121,'2019-02-27 09:51:17','2019-02-27 09:51:17','ХӨДӨЛМӨРИЙН БААТРУУД','human-resource/heroes-of-labour',3,'003d','{\"class\": null}',4,NULL),(122,'2019-02-27 09:53:18','2019-02-27 09:53:18','ГАВЪЯАТ АЖИЛТНУУД','human-resource/merited-employees',4,'003e','{\"class\": null}',4,NULL),(123,'2019-02-27 09:54:07','2019-02-27 09:54:07','ХӨДӨЛМӨРИЙН АВАРГУУД','human-resource/best-employees',5,'003f','{\"class\": null}',4,NULL),(124,'2019-02-27 09:55:25','2019-02-27 09:55:25','ХӨДӨЛМӨРИЙН АЛДАРТНУУД','human-resource/honored-employees',6,'003g','{\"class\": null}',4,NULL),(125,'2019-03-26 08:27:52','2019-03-26 08:27:52','Танилцуулга','about',0,'0001003h','{\"class\": null}',1,1),(126,'2019-03-26 08:28:15','2019-03-26 08:28:15','Эрхэм зорилго','about/mission',1,'0001003i','{\"class\": null}',1,1),(127,'2019-03-26 08:28:42','2019-03-26 08:28:42','Төлөөлөн удирдах зөвлөл','about/board',2,'0001003j','{\"class\": null}',1,1),(138,'2019-04-21 11:30:48','2019-04-21 11:30:48','Бидний тухай','about',0,'003u','[]',6,NULL),(139,'2019-04-21 11:30:48','2019-04-21 11:30:48','Товч танилцуулга','about',0,'003u003v','[]',6,138),(140,'2019-04-21 11:30:48','2019-04-21 11:30:48','Эрхэм зорилго','about/mission',0,'003u003w','[]',6,138),(141,'2019-04-21 11:30:48','2019-04-21 11:30:48','Төлөөлөн удирдах зөвлөл','about/board',0,'003u003x','[]',6,138),(142,'2019-04-21 11:30:48','2019-04-21 11:30:48','Удирдлагууд','about/management',0,'003u003y','[]',6,138),(143,'2019-04-21 11:30:48','2019-04-21 11:30:48','Хөгжлийн зүгт','about/developement',0,'003u003z','[]',6,138),(144,'2019-04-21 11:30:48','2019-04-21 11:30:48','Шагнал','about/prize',0,'003u0040','[]',6,138),(145,'2019-04-21 11:30:48','2019-04-21 11:30:48','Түүх','about/history',0,'003u0041','[]',6,138),(146,'2019-04-21 11:30:48','2019-04-21 11:30:48','Хамтын ажиллагаа','about/cooperation',0,'003u0042','[]',6,138),(147,'2019-04-21 11:30:48','2019-04-21 11:34:53','Худалдан авалт','procurement',4,'0043','{\"class\": null}',6,NULL),(148,'2019-04-21 11:30:48','2019-04-21 11:30:48','Тендерийн урилга','procurement',0,'00430044',NULL,6,147),(149,'2019-04-21 11:30:48','2019-04-21 11:30:48','Худалдан авалтын бодлого','procurement/policy',0,'00430045',NULL,6,147),(150,'2019-04-21 11:30:48','2019-04-21 11:30:48','Тендерийн үр дүн','procurement/result',0,'00430046',NULL,6,147),(151,'2019-04-21 11:30:48','2019-04-21 11:30:48','Бүрдүүлэх материал','procurement/documents',0,'00430047',NULL,6,147),(152,'2019-04-21 11:30:48','2019-04-21 11:30:48','Худалдах бараа материал','procurement/products-for-sale',0,'00430048',NULL,6,147),(153,'2019-04-21 11:30:48','2019-04-21 11:30:48','Бүртгэл','procurement/company/register',0,'00430049',NULL,6,147),(154,'2019-04-21 11:30:48','2019-04-21 11:36:14','Бүтээгдэхүүн','products',2,'004a','{\"class\": null}',6,NULL),(155,'2019-04-21 11:30:48','2019-04-21 11:30:48','Зэсийн баяжмал','products',0,'004a004b',NULL,6,154),(156,'2019-04-21 11:30:48','2019-04-21 11:30:48','Молибдены баяжмал','products/mo-concentrates',0,'004a004c',NULL,6,154),(157,'2019-04-21 11:30:48','2019-04-21 11:30:48','Өрсөлдөх чадвар','products/competitiveness',0,'004a004d',NULL,6,154),(158,'2019-04-21 11:30:48','2019-04-21 11:30:48','Зэс молибдены үнэ','https://www.lme.com/',0,'004a004e',NULL,6,154),(159,'2019-04-21 11:30:48','2019-04-21 11:35:53','Үйл ажиллагаа','operations',1,'004f','{\"class\": null}',6,NULL),(160,'2019-04-21 11:30:48','2019-04-21 11:30:48','Үйлдвэрлэлийн үзүүлэлт','operations',0,'004f004g',NULL,6,159),(161,'2019-04-21 11:30:48','2019-04-21 11:30:48','Геологи хайгуул','operations/geo-pros',0,'004f004h',NULL,6,159),(162,'2019-04-21 11:30:48','2019-04-21 11:30:48','Олборлолт','operations/mining',0,'004f004i',NULL,6,159),(163,'2019-04-21 11:30:48','2019-04-21 11:30:48','Тээвэрлэлт','operations/transporting',0,'004f004j',NULL,6,159),(164,'2019-04-21 11:30:48','2019-04-21 11:30:48','Баяжуулалт','operations/processing',0,'004f004k',NULL,6,159),(165,'2019-04-21 11:30:48','2019-04-21 11:30:48','Тоног төхөөрөмжийн үйлдвэрлэл','operations/rmz',0,'004f004l',NULL,6,159),(166,'2019-04-21 11:30:48','2019-04-21 11:30:48','Эрчим хүч','operations/energy',0,'004f004m',NULL,6,159),(167,'2019-04-21 11:30:48','2019-04-21 11:30:48','Автоматжуулалт','operations/automation',0,'004f004n',NULL,6,159),(168,'2019-04-21 11:30:48','2019-04-21 11:30:48','Чанар стандарт','operations/quality',0,'004f004o',NULL,6,159),(169,'2019-04-21 11:30:48','2019-04-21 11:30:48','Хөдөлмөрийн аюулгүй байдал, эрүүл ахуй','operations/safety',0,'004f004p',NULL,6,159),(170,'2019-04-21 11:30:48','2019-04-21 11:30:48','Хууль, журам','operations/law',0,'004f004q',NULL,6,159),(171,'2019-04-21 11:30:48','2019-04-21 11:30:48','Байгаль орчин','operations/ecology',0,'004f004r',NULL,6,159),(172,'2019-04-21 11:30:48','2019-04-21 11:30:48','Хөрөнгө оруулалт','operations/investment',0,'004f004s',NULL,6,159),(173,'2019-04-21 11:30:48','2019-04-21 11:36:41','Хүний нөөц','human-resource',3,'004t','{\"class\": null}',6,NULL),(174,'2019-04-21 11:30:48','2019-04-21 11:30:48','Хүний нөөцийн бодлого','human-resource/',0,'004t004u',NULL,6,173),(175,'2019-04-21 11:30:48','2019-04-21 11:30:48','Нээлттэй ажлын байр','human-resource/job-vacancy',0,'004t004v',NULL,6,173),(176,'2019-04-21 11:30:48','2019-04-21 11:30:48','Хамтын гэрээний хэрэгжилт','human-resource/cont-result',0,'004t004w',NULL,6,173),(177,'2019-04-21 11:30:48','2019-04-21 11:30:48','Хөдөлмөрийн баатрууд','human-resource/heroes-of-labour',0,'004t004x',NULL,6,173),(178,'2019-04-21 11:30:48','2019-04-21 11:30:48','Гавъяат ажилтнууд','human-resource/merited-employees',0,'004t004y',NULL,6,173),(179,'2019-04-21 11:30:48','2019-04-21 11:30:48','Хөдөлмөрийн аваргууд','human-resource/best-employees',0,'004t004z',NULL,6,173),(180,'2019-04-21 11:30:48','2019-04-21 11:30:48','Хөдөлмөрийн алдартнууд','human-resource/honored-employees',0,'004t0050',NULL,6,173),(188,'2019-04-21 11:30:48','2019-04-21 12:13:04','Шилэн данс','shilen-dans',5,'0058','{\"class\": null}',6,NULL),(189,'2019-04-21 11:30:48','2019-04-21 11:30:48','2017','shilen-dans/2017',0,'00580059',NULL,6,188),(190,'2019-04-21 11:30:48','2019-04-21 11:30:48','2018','shilen-dans/2018',0,'0058005a',NULL,6,188),(196,'2019-04-21 11:53:56','2019-04-21 11:53:56','Erdenet Today','news/cat/erdenet-today',5,'005g','{\"class\": \"bg-secondary px-3 text-white group-hover:text-white\"}',6,NULL);
/*!40000 ALTER TABLE `menu_items` ENABLE KEYS */;
UNLOCK TABLES;
DROP TABLE IF EXISTS `menus`;
/*!40101 SET @saved_cs_client     = @@character_set_client */;
/*!40101 SET character_set_client = utf8 */;
CREATE TABLE `menus` (
  `id` int(10) unsigned NOT NULL AUTO_INCREMENT,
  `created_at` timestamp NULL DEFAULT NULL,
  `updated_at` timestamp NULL DEFAULT NULL,
  `name` varchar(255) COLLATE utf8mb4_unicode_ci NOT NULL,
  `slug` varchar(255) COLLATE utf8mb4_unicode_ci NOT NULL,
  `props` json DEFAULT NULL,
  PRIMARY KEY (`id`),
  UNIQUE KEY `menus_slug_unique` (`slug`)
) ENGINE=InnoDB AUTO_INCREMENT=7 DEFAULT CHARSET=utf8mb4 COLLATE=utf8mb4_unicode_ci;
/*!40101 SET character_set_client = @saved_cs_client */;

LOCK TABLES `menus` WRITE;
/*!40000 ALTER TABLE `menus` DISABLE KEYS */;
INSERT INTO `menus` VALUES (1,'2019-02-20 17:05:44','2019-04-21 11:30:56','Main menu','main-old',NULL),(2,'2019-02-20 17:05:44','2019-02-20 17:05:44','Footer menu','footer',NULL),(3,'2019-02-20 17:05:44','2019-02-20 17:05:44','Sidebar menu','sidebar',NULL),(4,'2019-02-27 03:20:41','2019-02-27 03:20:41','Хүний нөөц','HR',NULL),(6,'2019-04-21 11:30:48','2019-04-21 11:31:18','Main menu new','main',NULL);
/*!40000 ALTER TABLE `menus` ENABLE KEYS */;
UNLOCK TABLES;
DROP TABLE IF EXISTS `migrations`;
/*!40101 SET @saved_cs_client     = @@character_set_client */;
/*!40101 SET character_set_client = utf8 */;
CREATE TABLE `migrations` (
  `id` int(10) unsigned NOT NULL AUTO_INCREMENT,
  `migration` varchar(255) COLLATE utf8mb4_unicode_ci NOT NULL,
  `batch` int(11) NOT NULL,
  PRIMARY KEY (`id`)
) ENGINE=InnoDB AUTO_INCREMENT=24 DEFAULT CHARSET=utf8mb4 COLLATE=utf8mb4_unicode_ci;
/*!40101 SET character_set_client = @saved_cs_client */;

LOCK TABLES `migrations` WRITE;
/*!40000 ALTER TABLE `migrations` DISABLE KEYS */;
INSERT INTO `migrations` VALUES (1,'2014_10_12_000000_create_users_table',1),(2,'2014_10_12_100000_create_password_resets_table',1),(3,'2018_01_01_000000_create_action_events_table',1),(4,'2018_10_26_075621_create_pages_table',1),(5,'2018_11_19_172544_create_media_table',1),(6,'2018_11_23_115423_create_mediables_table',1),(7,'2018_12_20_025724_create_posts_table',1),(8,'2018_12_20_031729_create_comments_table',1),(9,'2018_12_20_031857_create_categories_table',1),(10,'2018_12_20_032453_create_category_post_table',1),(11,'2018_12_20_033008_create_menus_table',1),(12,'2018_12_20_033020_create_menu_items_table',1),(13,'2018_12_27_193652_create_procurements_table',1),(14,'2018_12_27_193739_create_companies_table',1),(15,'2019_01_04_035627_alter_users_table',1),(16,'2019_01_29_151827_create_company_reviews_table',1),(17,'2019_02_03_143346_create_roles_table',1),(18,'2019_02_17_032547_create_jobs_table',1),(19,'2019_02_18_130718_create_legal_documents_table',1),(20,'2019_02_19_152045_create_procurement_results',1),(21,'2019_03_06_091142_alter_comments_table',2),(22,'2019_03_18_043924_alter_procurements_table_add_proc_number_column',3),(23,'2019_04_27_103703_create_queue_jobs_table',4);
/*!40000 ALTER TABLE `migrations` ENABLE KEYS */;
UNLOCK TABLES;
DROP TABLE IF EXISTS `pages`;
/*!40101 SET @saved_cs_client     = @@character_set_client */;
/*!40101 SET character_set_client = utf8 */;
CREATE TABLE `pages` (
  `id` int(10) unsigned NOT NULL AUTO_INCREMENT,
  `created_at` timestamp NULL DEFAULT NULL,
  `updated_at` timestamp NULL DEFAULT NULL,
  `slug` varchar(255) COLLATE utf8mb4_unicode_ci NOT NULL,
  `title` varchar(255) COLLATE utf8mb4_unicode_ci NOT NULL,
  `status` varchar(10) COLLATE utf8mb4_unicode_ci NOT NULL,
  `user_id` int(10) unsigned NOT NULL,
  `parent_id` int(10) unsigned DEFAULT NULL,
  `path` varchar(256) COLLATE utf8mb4_unicode_ci DEFAULT NULL,
  `props` json DEFAULT NULL,
  PRIMARY KEY (`id`),
  UNIQUE KEY `pages_slug_unique` (`slug`),
  KEY `pages_user_id_foreign` (`user_id`),
  KEY `pages_path_index` (`path`),
  KEY `pages_title_index` (`title`),
  KEY `parent_id` (`parent_id`),
  CONSTRAINT `pages_ibfk_1` FOREIGN KEY (`parent_id`) REFERENCES `pages` (`id`) ON DELETE CASCADE,
  CONSTRAINT `pages_user_id_foreign` FOREIGN KEY (`user_id`) REFERENCES `users` (`id`)
) ENGINE=InnoDB AUTO_INCREMENT=100 DEFAULT CHARSET=utf8mb4 COLLATE=utf8mb4_unicode_ci;
/*!40101 SET character_set_client = @saved_cs_client */;

LOCK TABLES `pages` WRITE;
/*!40000 ALTER TABLE `pages` DISABLE KEYS */;
INSERT INTO `pages` VALUES (47,'2019-02-20 19:58:12','2019-04-23 18:24:13','home','Нүүр хуудас','publish',1,NULL,'001b','{\"blocks\": [{\"id\": \"KqmKVR3m8SZW\", \"type\": \"Carousel\", \"attributes\": {\"id\": \"main-slider\", \"slides\": [{\"id\": \"LALgV4DPAsg0\", \"link\": \"http://phplaravel-151102-520365.cloudwaysapps.com/news/2\", \"image\": \"media/hnayJg7fespf8RaCsDyA8Hrfz1NcUqAKyvOYAt4A.png\", \"title\": \"Цалинг15% хүртэл нэмэгдүүлав\", \"caption\": \"Ажилчдын цалинг 2017 онд 10%-аар, ажлын үр дүнгийн урамшууллыг 20 %-аар, 2018 онд цалинг дахин 15% хүртэл нэмэгдүүллээ. Үүний хүрээнд сүүлийн гурван жилд 129,2 тэрбум төгрөг зарцуулжээ. \"}, {\"id\": \"jN7M4N3GLCpo\", \"link\": \"/home\", \"image\": \"media/JEFG1rvhUCdJ30uHiPwvRFxemO0KpEDMycY4TLWe.png\", \"title\": \"НИЙГМИЙН ХАРИУЦЛАГА\", \"caption\": \"Нийгмийн хариуцлагын хүрээнд компани 2017 онд 60,5 тэрбум төгрөг зарцуулсан бол 2018 онд 24,4 тэрбумаар нэмэгдүүлж 84,9 тэрбум төгрөгт  хүргэсэн байна.\"}]}}, {\"id\": \"mP7NXmxVLhKL\", \"type\": \"Html\", \"attributes\": {\"content\": \"<div class=\\\"container mx-auto px-4 md:-mt-8 relative z-40 reveal\\\">\\n    <div class=\\\"md:flex flex-wrap mb-4 shadow-lg\\\">\\n        <div class=\\\"bg-grey-lightest md:w-5/6 flex flex-wrap  items-center p-4\\\">\\n            <metric title=\\\"Байгуулагдсан он\\\" :value=\\\"1978\\\" :format=\\\"false\\\"></metric>\\n            <metric title=\\\"Нийт олборлосон зэс\\\" :value=\\\"4200000\\\" unit=\\\"тн\\\"></metric>\\n            <metric title=\\\"Улсад болон орон нутагт төлсөн татвар\\\" :value=\\\"5100000000000\\\" unit=\\\"₮\\\"></metric>\\n            <metric title=\\\"Нийт ажилчид\\\" :value=\\\"6561\\\" unit=\\\"хүн\\\"></metric>\\n        </div>\\n        <a href=\\\"/infographic\\\"\\n            class=\\\"md:w-1/6 bg-primary flex items-center text-right justify-center no-underline text-xs text-white p-4\\\">\\n            <span class=\\\"leading-tight\\\">Бусад <br> мэдээлэл </span>\\n            <i class=\\\"material-icons ml-1\\\">chevron_right</i>\\n        </a>\\n\\n    </div>\\n</div>\"}}, {\"id\": \"9ZMw3MxaPfb\", \"type\": \"Custom\", \"attributes\": {\"view\": \"includes.medee\", \"class\": \"\"}}, {\"id\": \"mP7NKQZNlhd\", \"type\": \"Custom\", \"attributes\": {\"view\": \"includes.hudaldan-avalt\", \"class\": \"\"}}, {\"id\": \"PPdJbMo2OhQ\", \"type\": \"Section\", \"attributes\": {\"id\": \"niigmiin-hariutslaga\", \"class\": \"hidden md:block p-4 container mx-auto mt-4 reveal\", \"title\": \"Нийгмийн хариуцлага\", \"blocks\": [{\"id\": \"PPdJbMloWh5\", \"type\": \"Tabs\", \"attributes\": {\"tabs\": [{\"id\": \"ORYZqBoAYc37\", \"name\": \"Бүтээн байгуулалт\", \"blocks\": [{\"id\": \"xB7bdjKLlIb\", \"type\": \"Carousel\", \"attributes\": {\"slides\": [{\"id\": \"MMo24PRx0So\", \"link\": \"/social-responsibility\", \"image\": \"media/HgeZMZUhoWTcdXn5tVWeX7jMXjNqUMnffJoSbiLu.jpeg\", \"title\": \"Бүтээн байгуулалт 1\", \"caption\": \"бүтээн байгуулалтын түүхийн эзэд нэгэн дор цуглаж, Эрдэнэт үйлдвэрийн 40 жилийн түүхийг Нийслэл хотод сөхлөө\"}, {\"id\": \"JXJ68YaQAhw\", \"link\": \"/social-responsibility\", \"image\": \"media/BN5Dvf3oBq7DJcASjGwj2Tm6NgLpFsdMniwAsUVz.jpeg\", \"title\": \"Бүтээн байгуулалт 2\", \"caption\": \"\"}]}}]}, {\"id\": \"QvnmJ46JNsO8\", \"name\": \"Эрүүл мэнд\", \"blocks\": [{\"id\": \"xB7bj2nPLc0G\", \"type\": \"Carousel\", \"attributes\": {\"slides\": [{\"id\": \"5QvwWDBJxhZl\", \"link\": \"/social-responsibility\", \"image\": \"media/0YqURoI6fIbHpuLcQ79wzfd7CHcRrffzBAsWEO8G.png\", \"title\": \"Slide 1\", \"caption\": \"\"}, {\"id\": \"pB7bYQw66IP8\", \"link\": \"/social-responsibility\", \"image\": \"media/0YqURoI6fIbHpuLcQ79wzfd7CHcRrffzBAsWEO8G.png\", \"title\": \"Slide 2\", \"caption\": \"\"}]}}]}, {\"id\": \"7WVwK2XB3Fo\", \"name\": \"Спорт\", \"blocks\": [{\"id\": \"gR7y5vJqauBe\", \"type\": \"Text\", \"attributes\": {\"content\": \"<div>This is just text content</div>\"}}]}, {\"id\": \"AyOlogwZECG\", \"name\": \"Соёл амралт\", \"blocks\": []}, {\"id\": \"9ZMw2dE7vhq7\", \"name\": \"Боловсрол\", \"blocks\": []}]}}]}}, {\"id\": \"LALVmpNDdU0\", \"type\": \"Custom\", \"attributes\": {\"view\": \"includes.virtual-tour\"}}, {\"id\": \"pB75LLJmZiP4\", \"type\": \"Columns\", \"attributes\": {\"columns\": [{\"id\": \"5QvxpMNxXUZp\", \"width\": \"1/2\", \"blocks\": [{\"id\": \"on7qL5mjpu6e\", \"type\": \"Section\", \"attributes\": {\"class\": \"md:mr-3 mt-4 w-full\", \"title\": \"Ажилд урьж байна\", \"blocks\": [{\"id\": \"3Oex5bp06S5g\", \"type\": \"Custom\", \"attributes\": {\"view\": \"includes.ajliin-bair\"}}]}}]}, {\"id\": \"LALVmOwjlFV\", \"width\": \"1/2\", \"blocks\": [{\"id\": \"LALVmOJExH3p\", \"type\": \"Section\", \"attributes\": {\"class\": \"md:ml-3 mt-4\", \"title\": \"КОМПАНИЙ ДҮРЭМ ЖУРАМ\", \"blocks\": [{\"id\": \"3Oex5bp06S5g\", \"type\": \"Custom\", \"attributes\": {\"view\": \"includes.durem-juram\"}}]}}]}]}}, {\"id\": \"KqmVNRJ9psZJ\", \"type\": \"Section\", \"attributes\": {\"class\": \"container mx-auto px-4 py-0 mt-4\", \"title\": \"Зургийн цомог\", \"blocks\": []}}, {\"id\": \"8eA380mL0T98\", \"type\": \"Section\", \"attributes\": {\"class\": \"bg-black-70 py-12 caption-overlay\", \"blocks\": [{\"id\": \"eM7RPBemaT7\", \"type\": \"Columns\", \"attributes\": {\"columns\": [{\"id\": \"xB704JvY4iN\", \"width\": \"2/5\", \"blocks\": [{\"id\": \"6gE5MLZmeHV\", \"type\": \"Image\", \"attributes\": {\"link\": \"/gallery/naadam\", \"size\": \"512x384\", \"image\": \"media/5CqTs9qWw4Gyu9IjuXiYEjP2KdPWpHnEGTUXj67X.png\", \"caption\": \"ОРХОН АЙМАГ НААДАМ\"}}]}, {\"id\": \"Bj60MP4V7FD\", \"width\": \"1/5\", \"blocks\": [{\"id\": \"PPdA0YvoDSR\", \"type\": \"Image\", \"attributes\": {\"link\": \"/gallery/ui-ajillagaa\", \"size\": \"256x192\", \"image\": \"media/A5qQbJr555yLOBOk19JA1hm9F1ET1PTF6IZNsNGq.jpeg\", \"caption\": \"ҮЙЛ АЖИЛЛАГААНЫ ЗУРГУУД\"}}, {\"id\": \"2yj5AQpR3ilq\", \"type\": \"Image\", \"attributes\": {\"link\": \"/gallery/uildver\", \"size\": \"256x192\", \"image\": \"media/BN5Dvf3oBq7DJcASjGwj2Tm6NgLpFsdMniwAsUVz.jpeg\", \"caption\": \"ҮЙЛДВЭРИЙН ЗУРГУУД\"}}]}, {\"id\": \"on72K5QqDH6\", \"width\": \"2/5\", \"blocks\": [{\"id\": \"gR7Wxp37aTAB\", \"type\": \"Image\", \"attributes\": {\"link\": \"/gallery/tuuhen\", \"size\": \"512x384\", \"image\": \"media/ZQmcxi3H2Lf8F7WI7lj6ccZ8ZMbuleg0PKm7H7QJ.png\", \"caption\": \"ТҮҮХЭН ЗУРГУУД\"}}]}, {\"id\": \"qv7YPXJjmtg\", \"blocks\": []}]}}]}}], \"template\": \"page/blank\"}'),(48,'2019-02-20 19:58:12','2019-04-23 18:26:17','about','Бидний тухай','publish',1,NULL,'001c','{\"blocks\": [{\"id\": \"asdf\", \"type\": \"Text\", \"attributes\": {\"content\": \"<p>“Эрдэнэт vйлдвэр\\\" ХХК нь зэс, молибдений хvдрийн олборлолт, баяжуулалтаар Ази тивдээ томоохонд тооцогддог vйлдвэр юм.<br>&nbsp;</p><p>1978 онд хоёр орны засгийн газар хоорондын гэрээний дагуу “Эрдэнэтийн овоо”-ны орд газарт байгуулагдсан.<br><br>Жилд 26 сая тонн хvдэр боловсруулж 530.0 орчим мянган тонн зэсийн баяжмал, 4.5 орчим мянган тонн молибдены баяжмал vйлдвэрлэдэг.<br><br>“Эрдэнэт vйлдвэр\\\" ХХК Финляндын “Оутокvмпv” (Outokumpu Oyj), Австралийн “Бейтмэн Инженеринг” (Bateman Engineering Ltd.), “Пэсифик Оур Техноложи” (Pacific Ore Technology Ltd.), Их Британийн “Брvк Хант” (Brook Hunt &amp; Associates Ltd.), АНУ-ын “Фелпс Дож” (Phelps Dodge) корпораци, “Кей-Ди Инженеринг” (KDEngineering) компани, Өмнөд Солонгосын “Самсунг” (Samsung) корпораци зэрэг уул уурхай, өнгөт металлургийн салбарын манлайлагч нартай тvншийн нягт холбоотой хамтран ажиллаж байна.</p>\"}}, {\"id\": \"a67YZ4eRefK\", \"type\": \"Gallery\", \"attributes\": {\"images\": [{\"id\": 19, \"image\": \"media/rpAntJP1YqkMmxOxerO39PZt4zqkxZuegJZz5NT7.jpeg\", \"caption\": \"ok\"}, {\"id\": 18, \"image\": \"media/et17mCujFyPT5CgGPMLUqTiNvVnsLvmLFKERuoEc.jpeg\"}, {\"id\": 17, \"image\": \"media/HgeZMZUhoWTcdXn5tVWeX7jMXjNqUMnffJoSbiLu.jpeg\"}, {\"id\": 15, \"image\": \"media/xGOXeo2wqlfkKc7nYvOGKsiWKJEP6Xh4Gi4x37u7.png\"}, {\"id\": 14, \"image\": \"media/S6fC2I3T8rXU8EgJq6sqAJf5J1X1cucLrjbZ0CYY.png\"}, {\"id\": 13, \"image\": \"media/4X0TdXxeW6DdfskqDcUlDqBCHPXli4UzYBoZfKKo.png\"}, {\"id\": 12, \"image\": \"media/7XeGmRmMDFdLo1fuQwQNy0H9e5Te0ZW3wj7gOslu.png\"}, {\"id\": 11, \"image\": \"media/PoJPcQHQtWucCOzlaQ4scI0o4wLQxk7azyAo1JSx.png\"}, {\"id\": 10, \"image\": \"media/xfCNx5QKAfpxkWYBOKhrnVTMMLSOuqx1nMcQWtEi.png\"}], \"columns\": 3}}], \"template\": null}'),(49,'2019-02-20 19:58:12','2019-02-21 07:08:11','mission','Эрхэм зорилго','publish',1,48,'001c001d','{\"blocks\": [{\"id\": \"asdf\", \"type\": \"Text\", \"attributes\": {\"content\": \"<div><strong>Алсын хараа:</strong>&nbsp;<br>“ДЭЛХИЙН ЖИШИГ, МОНГОЛЫН БАХАРХАЛ КОМПАНИ БАЙНА”<br>&nbsp; &nbsp; &nbsp;Эрдэнэт үйлдвэр ХХК нь олон улсын түвшинд хүлээн зөвшөөрөгдсөн, жишиг болохуйц стандарт үйл ажиллагаатай, Монгол улсын хөгжилд бодитой хувь нэмэр оруулдаг, үлгэр жишээ засаглал бүхий компани байна.</div><div><strong>Эрхэм зорилго:</strong><br>БИД, ТОГТВОРТОЙ ХӨГЖИЛ, ХАРИУЦЛАГАТАЙ УУЛ УУРХАЙГ ЭРХЭМЛЭН ҮНДЭСНИЙ БАЯЛГИЙГ БҮТЭЭНЭ.<br>&nbsp; &nbsp; &nbsp;Бид нийгэм, эдийн засаг, байгаль орчин гэсэн гурван тулгуурт үзэл баримтлалыг эрхэмлэж, ирээдүй хойч үеийнхээ хэрэгцээгээ хангах боломжийг хязгаарлахгүйгээр оролцогч талуудын ялангуяа бүс нутгийн оршин суугч иргэдийн эрхийг дээдэлсэн, байгаль орчин, хүн амьтны бие махбодод хор хохиролгүй, мэдлэг, туршлагад тулгуурласан, хууль ёсонд нийцсэн, ил тод үйл ажиллагаа явуулж, хөгжлийн үр шимийг хүн бүхэнд хүргэнэ.</div><div><strong>Үнэт зүйлс:</strong><br>- Аюулгүй байдал ба эрүүл мэнд<br>&nbsp; &nbsp; &nbsp;Бид ажилтан бүрийн аюулгүй байдлыг хангаж, эрүүл мэндийг эрхэмлэнэ.<br>- Ёс зүй, хариуцлага<br>&nbsp; &nbsp; &nbsp;Бид бие биенээ хүндэтгэн, үнэнч шударга, хариуцлагатай, ёс зүйтэй ажиллана.<br>- Байгаль орчин<br>&nbsp; &nbsp; &nbsp;Бид байгаль орчны тэнцвэрийг хадгалан, ногоон хөгжлийг дэмжинэ.<br>- Хамтын хүч<br>&nbsp; &nbsp; &nbsp;Бид хамтын шийдвэр гаргаж, багийн гишүүн бүрийн оролцоотойгоор ажлыг үр бүтээлтэй, цаг хугацаанд нь гүйцэтгэнэ.<br>- Инноваци<br>&nbsp; &nbsp; &nbsp;Бид шинэ санаачилгыг хөгжүүлж, шинэлэг арга барилаар үнэ цэнийг бий болгоно.</div><div><strong>Уриа:</strong><br>&nbsp; &nbsp; &nbsp;Ард түмний итгэл<br>&nbsp; &nbsp; &nbsp;Анд түншийн найдвар<br>&nbsp; &nbsp; &nbsp;Ажилчин бидний бахархал&nbsp;</div>\"}}], \"template\": null}'),(50,'2019-02-20 19:58:12','2019-02-20 19:58:12','board','Төлөөлөн удирдах зөвлөл','publish',1,48,'001c001e','{\"blocks\": [{\"id\": \"asdf\", \"type\": \"Text\", \"attributes\": {\"content\": \"Мэдээлэл оруулаагүй байна.\"}}]}'),(51,'2019-02-20 19:58:12','2019-02-20 19:58:12','management','Удирдлагууд','publish',1,48,'001c001f','{\"blocks\": [{\"id\": \"asdf\", \"type\": \"Text\", \"attributes\": {\"content\": \"Мэдээлэл оруулаагүй байна.\"}}]}'),(52,'2019-02-20 19:58:12','2019-02-20 19:58:12','developement','Хөгжлийн зүгт','publish',1,48,'001c001g','{\"blocks\": [{\"id\": \"asdf\", \"type\": \"Text\", \"attributes\": {\"content\": \"Мэдээлэл оруулаагүй байна.\"}}]}'),(53,'2019-02-20 19:58:12','2019-02-20 19:58:12','prize','Шагнал','publish',1,48,'001c001h','{\"blocks\": [{\"id\": \"asdf\", \"type\": \"Text\", \"attributes\": {\"content\": \"Мэдээлэл оруулаагүй байна.\"}}]}'),(54,'2019-02-20 19:58:12','2019-02-20 19:58:12','history','Түүх','publish',1,48,'001c001i','{\"blocks\": [{\"id\": \"asdf\", \"type\": \"Text\", \"attributes\": {\"content\": \"Мэдээлэл оруулаагүй байна.\"}}]}'),(55,'2019-02-20 19:58:12','2019-02-20 19:58:12','cooperation','Хамтын ажиллагаа','publish',1,48,'001c001j','{\"blocks\": [{\"id\": \"asdf\", \"type\": \"Text\", \"attributes\": {\"content\": \"Мэдээлэл оруулаагүй байна.\"}}]}'),(56,'2019-02-20 19:58:12','2019-02-20 19:58:12','products','Бүтээгдэхүүн','publish',1,NULL,'001k','{\"blocks\": [{\"id\": \"asdf\", \"type\": \"Text\", \"attributes\": {\"content\": \"Мэдээлэл оруулаагүй байна.\"}}]}'),(57,'2019-02-20 19:58:12','2019-02-20 19:58:12','mo-concentrates','Молибдены баяжмал','publish',1,56,'001k001l','{\"blocks\": [{\"id\": \"asdf\", \"type\": \"Text\", \"attributes\": {\"content\": \"Мэдээлэл оруулаагүй байна.\"}}]}'),(58,'2019-02-20 19:58:12','2019-02-20 19:58:12','competitiveness','Өрсөлдөх чадвар','publish',1,56,'001k001m','{\"blocks\": [{\"id\": \"asdf\", \"type\": \"Text\", \"attributes\": {\"content\": \"Мэдээлэл оруулаагүй байна.\"}}]}'),(59,'2019-02-20 19:58:12','2019-02-20 19:58:12','operations','Үйл ажиллагаа','publish',1,NULL,'001n','{\"blocks\": [{\"id\": \"asdf\", \"type\": \"Text\", \"attributes\": {\"content\": \"Мэдээлэл оруулаагүй байна.\"}}]}'),(60,'2019-02-20 19:58:12','2019-02-20 19:58:12','geo-pros','Геологи хайгуул','publish',1,59,'001n001o','{\"blocks\": [{\"id\": \"asdf\", \"type\": \"Text\", \"attributes\": {\"content\": \"Мэдээлэл оруулаагүй байна.\"}}]}'),(61,'2019-02-20 19:58:12','2019-02-20 19:58:12','mining','Олборлолт','publish',1,59,'001n001p','{\"blocks\": [{\"id\": \"asdf\", \"type\": \"Text\", \"attributes\": {\"content\": \"Мэдээлэл оруулаагүй байна.\"}}]}'),(62,'2019-02-20 19:58:12','2019-02-20 19:58:12','transporting','Тээвэрлэлт','publish',1,59,'001n001q','{\"blocks\": [{\"id\": \"asdf\", \"type\": \"Text\", \"attributes\": {\"content\": \"Мэдээлэл оруулаагүй байна.\"}}]}'),(63,'2019-02-20 19:58:12','2019-02-20 19:58:12','processing','Баяжуулалт','publish',1,59,'001n001r','{\"blocks\": [{\"id\": \"asdf\", \"type\": \"Text\", \"attributes\": {\"content\": \"Мэдээлэл оруулаагүй байна.\"}}]}'),(64,'2019-02-20 19:58:12','2019-02-20 19:58:12','rmz','Тоног төхөөрөмжийн үйлдвэрлэл','publish',1,59,'001n001s','{\"blocks\": [{\"id\": \"asdf\", \"type\": \"Text\", \"attributes\": {\"content\": \"Мэдээлэл оруулаагүй байна.\"}}]}'),(65,'2019-02-20 19:58:12','2019-02-20 19:58:12','energy','Эрчим хүч','publish',1,59,'001n001t','{\"blocks\": [{\"id\": \"asdf\", \"type\": \"Text\", \"attributes\": {\"content\": \"Мэдээлэл оруулаагүй байна.\"}}]}'),(66,'2019-02-20 19:58:12','2019-02-20 19:58:12','automation','Автоматжуулалт','publish',1,59,'001n001u','{\"blocks\": [{\"id\": \"asdf\", \"type\": \"Text\", \"attributes\": {\"content\": \"Мэдээлэл оруулаагүй байна.\"}}]}'),(67,'2019-02-20 19:58:12','2019-02-20 19:58:12','quality','Чанар стандарт','publish',1,59,'001n001v','{\"blocks\": [{\"id\": \"asdf\", \"type\": \"Text\", \"attributes\": {\"content\": \"Мэдээлэл оруулаагүй байна.\"}}]}'),(68,'2019-02-20 19:58:12','2019-02-20 19:58:12','safety','Хөдөлмөрийн аюулгүй байдал, эрүүл ахуй','publish',1,59,'001n001w','{\"blocks\": [{\"id\": \"asdf\", \"type\": \"Text\", \"attributes\": {\"content\": \"Мэдээлэл оруулаагүй байна.\"}}]}'),(69,'2019-02-20 19:58:12','2019-02-20 19:58:12','law','Хууль, журам','publish',1,59,'001n001x','{\"blocks\": [{\"id\": \"asdf\", \"type\": \"Text\", \"attributes\": {\"content\": \"Мэдээлэл оруулаагүй байна.\"}}]}'),(70,'2019-02-20 19:58:12','2019-02-20 19:58:12','ecology','Байгаль орчин','publish',1,59,'001n001y','{\"blocks\": [{\"id\": \"asdf\", \"type\": \"Text\", \"attributes\": {\"content\": \"Мэдээлэл оруулаагүй байна.\"}}]}'),(71,'2019-02-20 19:58:12','2019-02-20 19:58:12','investment','Хөрөнгө оруулалт','publish',1,59,'001n001z','{\"blocks\": [{\"id\": \"asdf\", \"type\": \"Text\", \"attributes\": {\"content\": \"Мэдээлэл оруулаагүй байна.\"}}]}'),(72,'2019-02-20 19:58:12','2019-02-20 19:58:12','human-resource','Хүний нөөц','publish',1,NULL,'0020','{\"blocks\": [{\"id\": \"asdf\", \"type\": \"Text\", \"attributes\": {\"content\": \"Мэдээлэл оруулаагүй байна.\"}}]}'),(73,'2019-02-20 19:58:12','2019-02-20 19:58:12','','Хүний нөөцийн бодлого','publish',1,72,'00200021','{\"blocks\": [{\"id\": \"asdf\", \"type\": \"Text\", \"attributes\": {\"content\": \"Мэдээлэл оруулаагүй байна.\"}}]}'),(74,'2019-02-20 19:58:12','2019-02-20 19:58:12','cont-result','Хамтын гэрээний хэрэгжилт','publish',1,72,'00200022','{\"blocks\": [{\"id\": \"asdf\", \"type\": \"Text\", \"attributes\": {\"content\": \"Мэдээлэл оруулаагүй байна.\"}}]}'),(75,'2019-02-20 19:58:12','2019-02-20 19:58:12','heroes-of-labour','Хөдөлмөрийн баатрууд','publish',1,72,'00200023','{\"blocks\": [{\"id\": \"asdf\", \"type\": \"Text\", \"attributes\": {\"content\": \"Мэдээлэл оруулаагүй байна.\"}}]}'),(76,'2019-02-20 19:58:12','2019-02-20 19:58:12','merited-employees','Гавъяат ажилтнууд','publish',1,72,'00200024','{\"blocks\": [{\"id\": \"asdf\", \"type\": \"Text\", \"attributes\": {\"content\": \"Мэдээлэл оруулаагүй байна.\"}}]}'),(77,'2019-02-20 19:58:12','2019-02-20 19:58:12','best-employees','Хөдөлмөрийн аваргууд','publish',1,72,'00200025','{\"blocks\": [{\"id\": \"asdf\", \"type\": \"Text\", \"attributes\": {\"content\": \"Мэдээлэл оруулаагүй байна.\"}}]}'),(78,'2019-02-20 19:58:12','2019-02-20 19:58:12','honored-employees','Хөдөлмөрийн алдартнууд','publish',1,72,'00200026','{\"blocks\": [{\"id\": \"asdf\", \"type\": \"Text\", \"attributes\": {\"content\": \"Мэдээлэл оруулаагүй байна.\"}}]}'),(79,'2019-02-20 19:58:12','2019-02-20 19:58:12','social-responsibility','Нийгмийн хариуцлага','publish',1,NULL,'0027','{\"blocks\": [{\"id\": \"asdf\", \"type\": \"Text\", \"attributes\": {\"content\": \"Мэдээлэл оруулаагүй байна.\"}}]}'),(80,'2019-02-20 19:58:12','2019-02-21 07:17:10','health','Эрүүл мэнд','publish',1,79,'00270028','{\"blocks\": [{\"id\": \"asdf\", \"type\": \"Text\", \"attributes\": {\"content\": \"<div>Манай Эмнэлэг сувилал нь компанийн нийт ажиллагсад, анхдагч, ахмадууд, МШӨ-ний учир хувь тогтоолгосон хүмүүсийг оношлох, эмчлэх, нөхөн сэргээх үйл ажиллагаа явуулдаг.&nbsp;<br>&nbsp; &nbsp; &nbsp; Жил бүр компанийн 6000 ажилтныг нарийн мэргэжлийн эмч нарын урьдчилан сэргийлэх үзлэгт графикийн дагуу хамруулж хэвшлээ.&nbsp;<br>&nbsp; Эмнэлгийн орчин үеийн багаж, тоног төхөөрөмжөөр бүрэн тоноглогдсон.&nbsp;<br>&nbsp; &nbsp;2013 онд “Эрдэнэт” сувилал магадлан итгэмжлэгдсэн байгууллагын сертификатаа дахин аваад байна.</div>\"}}], \"template\": null}'),(81,'2019-02-20 19:58:12','2019-02-20 19:58:12','education','Боловсрол','publish',1,79,'00270029','{\"blocks\": [{\"id\": \"asdf\", \"type\": \"Text\", \"attributes\": {\"content\": \"Мэдээлэл оруулаагүй байна.\"}}]}'),(82,'2019-02-20 19:58:12','2019-02-20 19:58:12','sports','Спорт','publish',1,79,'0027002a','{\"blocks\": [{\"id\": \"asdf\", \"type\": \"Text\", \"attributes\": {\"content\": \"Мэдээлэл оруулаагүй байна.\"}}]}'),(83,'2019-02-20 19:58:12','2019-02-20 19:58:12','culture','Соёл','publish',1,79,'0027002b','{\"blocks\": [{\"id\": \"asdf\", \"type\": \"Text\", \"attributes\": {\"content\": \"Мэдээлэл оруулаагүй байна.\"}}]}'),(84,'2019-02-20 19:58:12','2019-02-20 19:58:12','relax','Амралт','publish',1,79,'0027002c','{\"blocks\": [{\"id\": \"asdf\", \"type\": \"Text\", \"attributes\": {\"content\": \"Мэдээлэл оруулаагүй байна.\"}}]}'),(85,'2019-02-20 19:58:12','2019-02-20 19:58:12','shilen-dans','Шилэн данс','publish',1,NULL,'002d','{\"blocks\": [{\"id\": \"asdf\", \"type\": \"Text\", \"attributes\": {\"content\": \"Мэдээлэл оруулаагүй байна.\"}}]}'),(86,'2019-02-20 19:58:12','2019-02-20 19:58:12','2017','2017','publish',1,85,'002d002e','{\"blocks\": [{\"id\": \"asdf\", \"type\": \"Text\", \"attributes\": {\"content\": \"Мэдээлэл оруулаагүй байна.\"}}]}'),(87,'2019-02-20 19:58:12','2019-02-20 19:58:12','2018','2018','publish',1,85,'002d002f','{\"blocks\": [{\"id\": \"asdf\", \"type\": \"Text\", \"attributes\": {\"content\": \"Мэдээлэл оруулаагүй байна.\"}}]}'),(88,'2019-02-20 19:58:12','2019-02-20 19:58:12','gallery','Зургийн цомог','publish',1,NULL,'002g','{\"blocks\": [{\"id\": \"asdf\", \"type\": \"Text\", \"attributes\": {\"content\": \"Мэдээлэл оруулаагүй байна.\"}}]}'),(89,'2019-02-20 19:58:12','2019-02-20 19:58:12','naadam','Наадам','publish',1,88,'002g002h','{\"blocks\": [{\"id\": \"asdf\", \"type\": \"Text\", \"attributes\": {\"content\": \"Мэдээлэл оруулаагүй байна.\"}}]}'),(90,'2019-02-20 19:58:12','2019-02-20 19:58:12','uil-ajillagaa','Үйл ажиллагаа','publish',1,88,'002g002i','{\"blocks\": [{\"id\": \"asdf\", \"type\": \"Text\", \"attributes\": {\"content\": \"Мэдээлэл оруулаагүй байна.\"}}]}'),(91,'2019-02-20 19:58:12','2019-02-20 19:58:12','uildver','Үйлдвэрийн зургууд','publish',1,88,'002g002j','{\"blocks\": [{\"id\": \"asdf\", \"type\": \"Text\", \"attributes\": {\"content\": \"Мэдээлэл оруулаагүй байна.\"}}]}'),(92,'2019-02-20 19:58:12','2019-02-20 19:58:12','tuuhen','Түүхэн зургууд','publish',1,88,'002g002k','{\"blocks\": [{\"id\": \"asdf\", \"type\": \"Text\", \"attributes\": {\"content\": \"Мэдээлэл оруулаагүй байна.\"}}]}'),(93,'2019-02-20 20:00:10','2019-02-28 02:41:02','test','test','publish',1,NULL,'002l','{\"blocks\": [{\"id\": \"lN7axj57bFV\", \"type\": \"Text\", \"attributes\": {\"content\": \"<div>test</div>\"}}], \"template\": null}'),(95,'2019-02-27 03:16:24','2019-02-27 03:16:24','procurement','Худалдан авалт','publish',1,NULL,'002n','{\"blocks\": [{\"id\": \"YY3GeO6NOh7\", \"type\": \"Text\"}], \"template\": null}'),(96,'2019-02-27 03:17:19','2019-02-27 03:17:19','policy','Худалдан авалтын бодлого','publish',1,95,'002n002o','{\"blocks\": [{\"id\": \"ORYGNqxmAHp\", \"type\": \"Text\"}], \"template\": null}'),(98,'2019-02-27 05:40:58','2019-02-28 03:33:01','HR test','HR test','publish',1,72,'0020002q','{\"blocks\": [{\"id\": \"nJ7Lql7Y9ug\", \"type\": \"Text\", \"attributes\": {\"content\": \"<div>wertghjk</div>\"}}], \"template\": \"page/default\"}'),(99,'2019-04-23 18:21:47','2019-04-23 18:21:47','infographic','Инфографик','publish',1,NULL,'002r','{\"blocks\": [{\"id\": \"5QoV92L0eIL\", \"type\": \"Text\", \"attributes\": {\"content\": \"<p>Энд инфографик оруулна</p>\"}}], \"template\": null}');
/*!40000 ALTER TABLE `pages` ENABLE KEYS */;
UNLOCK TABLES;
DROP TABLE IF EXISTS `password_resets`;
/*!40101 SET @saved_cs_client     = @@character_set_client */;
/*!40101 SET character_set_client = utf8 */;
CREATE TABLE `password_resets` (
  `email` varchar(255) COLLATE utf8mb4_unicode_ci NOT NULL,
  `token` varchar(255) COLLATE utf8mb4_unicode_ci NOT NULL,
  `created_at` timestamp NULL DEFAULT NULL,
  KEY `password_resets_email_index` (`email`)
) ENGINE=InnoDB DEFAULT CHARSET=utf8mb4 COLLATE=utf8mb4_unicode_ci;
/*!40101 SET character_set_client = @saved_cs_client */;

LOCK TABLES `password_resets` WRITE;
/*!40000 ALTER TABLE `password_resets` DISABLE KEYS */;
/*!40000 ALTER TABLE `password_resets` ENABLE KEYS */;
UNLOCK TABLES;
DROP TABLE IF EXISTS `posts`;
/*!40101 SET @saved_cs_client     = @@character_set_client */;
/*!40101 SET character_set_client = utf8 */;
CREATE TABLE `posts` (
  `id` int(10) unsigned NOT NULL AUTO_INCREMENT,
  `created_at` timestamp NULL DEFAULT NULL,
  `updated_at` timestamp NULL DEFAULT NULL,
  `title` varchar(255) COLLATE utf8mb4_unicode_ci NOT NULL,
  `status` varchar(10) COLLATE utf8mb4_unicode_ci NOT NULL,
  `props` json DEFAULT NULL,
  `user_id` int(10) unsigned NOT NULL,
  PRIMARY KEY (`id`),
  KEY `posts_user_id_foreign` (`user_id`),
  CONSTRAINT `posts_user_id_foreign` FOREIGN KEY (`user_id`) REFERENCES `users` (`id`)
) ENGINE=InnoDB AUTO_INCREMENT=8 DEFAULT CHARSET=utf8mb4 COLLATE=utf8mb4_unicode_ci;
/*!40101 SET character_set_client = @saved_cs_client */;

LOCK TABLES `posts` WRITE;
/*!40000 ALTER TABLE `posts` DISABLE KEYS */;
INSERT INTO `posts` VALUES (1,'2019-02-22 18:20:35','2019-02-22 18:22:54','Test','publish','{\"blocks\": [{\"id\": \"JXJAWDleGH9\", \"type\": \"Text\", \"attributes\": {\"content\": \"<div>kjkjkjkjkjkj . jhjhjhjhjhjhj</div>\"}}]}',1),(2,'2019-02-23 08:56:25','2019-02-23 08:56:25','Эрдэнэт үйлдвэрийн түүх алтан марканд мөнхөрлөө','publish','{\"blocks\": [{\"id\": \"GXZjwxn3oHq\", \"type\": \"Text\", \"attributes\": {\"content\": \"<div>&nbsp; &nbsp;Монголчуудын 20-р зууны манлай бүтээн байгуулалт,&nbsp; улс орны&nbsp; нийгэм, эдийн засгийн гол хүч Эрдэнэт үйлдвэрийн түүхт 40 жилийн ойд зориулан Монгол Шуудан компани “Эрдэнэт-40 жил” сэдэвт алтан маркийг бүтээж, үйлчилгээнд гаргажээ. Тусгай технологиор бүтээгдсэн алтан маркийн нээлт өнөөдөр Эрдэнэт хотноо болов. “Эрдэнэт 40 жил” алтан маркийн нээлтийн ажиллагаанд Эрдэнэт хотын Захирагчийн албаны дарга М.Түмэнжаргал, Монгол Шуудан ХК-ийн Гүйцэтгэх захирал Б.Анхбаатар, Эрдэнэт үйлдвэр ХХК-ийн Ерөнхий захирал Х.Бадамсүрэн болон тус үйлдвэрийн удирдлагууд, хамт олны төлөөлөл, Монголын Сэтгүүлчдийн Нэгдсэн Эвлэлийн Ерөнхийлөгч Х.Мандахбаяр, Монголын Марк сонирхогчдын холбооны Орхон аймаг дахь салбарын тэргүүн Б.Мажинбуу нарын зочид оролцож, алтан маркийн дээжээс гардан авсан. Мөн энэ үеэр “Эрдэнэт 40 жил” алтан марк, дугтуйны нээлттэй худалдааг зохион байгуулав. &nbsp;<br>&nbsp; &nbsp; &nbsp; Монгол Шуудан ХК, уул уурхайн сэдвээр анх 1977 онд Эрдэнэтийн овооны ордыг түшиглэсэн их бүтээн байгуулалтыг бэлгэдэн Эрдэнэт уулын баяжуулах үйлдвэр нэртэй нэг нэрийн марк гаргаж байсан бол хоёр дахь буюу түүнээс хойш 42 жилийн дараа “Эрдэнэт 40 жил” сэдэвт өндөр технологийн алтан маркийг үйлчилгээнд нэвтрүүлж байгаа аж. “Эрдэнэт 40 жил” сэдэвт маркийг 22 кратын алтан ялтсан дээр тусгай хэвээр шахаж, офсет хэвлэлийн технологийг хослуулж хийснээрээ онцлогтой болжээ. Энэхүү маркны зураачаар Монгол шуудан компанийн зураач, МУСТА Ч.Бат-Эрдэнэ, дизайнераар Ж.Ганхуяг нар ажиллаж, тус компанийн уран бүтээлчид Эрдэнэт үйлдвэртэй хамтран хагас жилийн хугацаанд бүтээсэн байна. Шуудангийн маркийн сэдвийн төлөвлөгөөг жил бүр Монгол Улсын Засгийн Газраас баталдаг. Энэ батлагдсан төлөвлөгөөний дагуу 2017 оны 6 дугаар сарын 30-ны өдрийн 119 тоот тогтоолд зааснаар бүтээгдсэн “Эрдэнэт-40” тусгай технологийн алтан марк нь шуудангийн үйлчилгээнд орж буй 1041 дэх сэдвийн марк болж буй.<br>&nbsp; &nbsp; &nbsp;Аливаа улс орны тусгаар тогтнолын баталгааг илэрхийлдэг марк бол дэлхий дахины түүх соёлын нэгэн үнэт өв юм. Үйлчилгээнд гарсан даруйдаа тухайн орны зан заншил, уламжлалыг түгээн дэлгэрүүлж чаддаг марканд Эрдэнэт үйлдвэрийн бүхэл бүтэн 40 жилийн хөгжил дэвшил, өнгө төрхийг багтаасан нь Эрдэнэт үйлдвэрээр дамжуулан Монгол орныг дэлхийд таниулахад чухал ач холбогдолтой гэж мэргэжилтнүүд уг алтан маркийг үнэлж байна.<br>&nbsp; &nbsp; &nbsp;Эрдэнэт&nbsp; үйлдвэр бол нийгмийн хариуцлагын хамгийн шилдэг бодлоготой компани. Тиймээс компанийнхаа үнэт баялагийг уурхайчид, ажилтнууд хэмээн тодорхойлдог. Энэхүү утга санааг алтан маркны гол хэсэгт эгэл жирийн уурхайчнаар төлөөлүүлэн дүрсэлж өгсөн нь тус үйлдвэрийн үндсэн зарчим, үнэт зүйлийг тусгаж чаджээ. “Эрдэнэт 40 жил” сэдэвт алтан марканд үйлдвэрийн өчигдөр, өнөөдрийг харьцуулан өнгөт болон хар зургийн аргаар ялгаж дүрсэлсэн нь зууны шилдэг&nbsp; үйлдвэрийн техник технологийн шинэчлэл, ажилтнуудын хөдөлмөр хамгаалал, үйл ажиллагааны&nbsp; хөгжил дэвшлийг өгүүлсэн утга агуулга төгс шийдэлтэй бүтээл болсныг марк сонирхогчид онцолсон юм.<br><br></div><div>М.Балжинням<br><br></div>\"}}, {\"id\": \"V4DXVy3eoHj\", \"type\": \"Image\", \"attributes\": {\"image\": \"media/VxtJBb7VoL3PdzkbeIga9emKrQxGtfoJZOTatEMW.jpeg\"}}]}',1),(3,'2019-02-23 09:00:55','2019-02-23 09:00:55','Эрдэнэтийн дуучин Морин хуур наадмыг “өнгөлж” явна','publish','{\"blocks\": [{\"id\": \"WRjZNyGw8CA\", \"type\": \"Text\", \"attributes\": {\"content\": \"<div>&nbsp;Уурхайчин соёлын ордны Эрдэнэт дуу бүжгийн чуулгын дуучин, МУСТА С.Ариун-Эрдэнэ ирэх сарын хоёронд болох “Морин хуур” наадмын гала тоглолтонд оролцож, тэргүүн байрын төлөө хүч үзэхээр боллоо. Монголын хөгжмийн зохиолчдын холбооноос 32 дахь жилдээ зохиож байгаа тус наадам оны шилдэг уран бүтээлийг нийтийн, эстрадын, мэргэжлийн дуу гэсэн гурван төрлөөр тодруулж, хөгжмийн зохиолчдын чансааг шалгана.<br>&nbsp; &nbsp; &nbsp;Энэ жилийн наадамд 100 гаруй дуу өрсөлдсөн бөгөөд дуучин, МУСТА С.Ариун-Эрдэнэ Намсрайжавын Батжаргалын шүлэг, Баатарын Цэрэндондовын хөгжим “Амьдрал жаргалтай” бүтээлээр оролцож байна.<br>&nbsp; &nbsp; &nbsp;Мөн тэрээр ирэх сард “Энгэрийн цэцэг” нэртэй анхны бие даасан уран бүтээлийн тайлан тоглолт хийхээр төлөвлөжээ.&nbsp; Зургаан жилийн өмнө олны сонорт хүргэсэн “Энгэрийн цэцэг” дуу нь түүний ээждээ зориулсан бүтээл бөгөөд тоглолтын үеэр охинтойгоо хамтран дуулах юм.&nbsp; Хилийн цэргийн дуу бүжгийн чуулгын эстрад симпони найрал хөгжим бүрэн бүрэлдэхүүнээрээ ирж, Барилгын цэргийн Ерөнхий газрын уран сайхны удирдаачаар ажиллаж байсан түүний аав тоглолтын үеэр авъяасаа үзүүлнэ гэдгийг дуучин маань онцолсон.<br>&nbsp; &nbsp; &nbsp;Эрдэнэтийнхэн түүнийг Хөгжимт драмын Бөртэ хатан, Ану хатан дуурийн Ану хатан, Есүхэй дуурийн Сочигэл хатан, “Учиртай гурван толгой” дуурийн Хоролмаа, “Сингл лэйдис” МУСК-ны туслах дүрээр нь эчнээ мэднэ.</div>\"}}, {\"id\": \"9ZMbLbGDWFW\", \"type\": \"Image\", \"attributes\": {\"image\": \"media/z8tYZVPflhXjAkuOjeWZFJpYCgPTBij6ueDxcSPy.jpeg\"}}]}',1),(4,'2019-02-23 09:04:25','2019-02-23 09:04:25','Олон улсын стандарт “хангалттай” үнэлэгдлээ','publish','{\"blocks\": [{\"id\": \"N4N92E7XYhbg\", \"type\": \"Text\", \"attributes\": {\"content\": \"<div>Эрдэнэт үйлдвэрийн Чанар хяналтын хэлтэс сар тутмын ээлжит хурлаараа хүдрийн агуулгыг өсгөх, ган бөөрөнцөгийн цехийн тулгамдсан асуудлыг шийдвэрлэх, ил уурхайн экскаваторуудын засварын дараах цэвэрлэгээний ажлыг сайжруулах зэрэг хэд хэдэн асуудлыг авч хэлэлцлээ. Мөн эдгээр тулгамдсан асуудлыг ойрын үед шийдвэрлэх боломжтойг Чанар хяналтын хэлтсийн дарга Н.Мэргэнбаатар хэлэв.<br>&nbsp; &nbsp; &nbsp;Чанар хяналтын хэлтэст он гарсаар ISO9001 стандартын хэрэгжилтэнд Стандартчилал хэмжилзүйн газраас аудит хийжээ. Улмаар 13 зөвлөмж өгсөн бөгөөд үйл ажиллагаагаараа “хангалттай” үнэлгээ авсан байна. ISO9001 стандартыг 4 үндсэн цехэд хэрэгжүүлж байгаа тус хэлтсийн хамт олон энэ онд бусад цехэд стандарт нэвтрүүлэхээр төлөвлөжээ.</div>\"}}, {\"id\": \"dA7lL68OwfZD\", \"type\": \"Image\", \"attributes\": {\"size\": \"810x540\", \"image\": \"media/w5Lx0b3g6f0dH2gCMXVNN92eamG2RVEjFqdLTKcs.jpeg\", \"caption\": \"Ил уурхай, Эрдэнэт Үйлдвэр ХХК\"}}]}',1),(5,'2019-02-23 09:12:45','2019-02-23 09:12:45','Аварга машины жолооч','publish','{\"blocks\": [{\"id\": \"0XayOa9NBHP\", \"type\": \"Text\", \"attributes\": {\"content\": \"<div>Эрдэнэт үйлдвэрийн Авто тээврийн байгууллагын анхны монгол экипажийн ахлагч Б.Гарам-Очир Хөвсгөл аймгийн Галт суманд айлын “дархан бэр”-ийн отгон хөвгүүн болон мэндэлжээ. Бага, дунд сургууль төгсөөд Ардын армийн 107-р ангид жолооч болж, Зүүн баянд хоёр жилийн цэргийн алба хаасан байна. Ерээд оны эхээр&nbsp; Эрдэнэт үйлдвэртэй хувь заяагаа холбон Сургалт үйлдвэрлэлийн төвд Белазын жолооч мэргэжил эзэмшиж. Түүний авга ах нь Монгол улсын заан Дамбажавын Цэнд-Аюуш. Тэр ийм бие бялдрын хүмүүжилтэй, хөдөлмөрч удамтай, хүүхэд байхын тусч нэгэн явжээ. Амралтын өдрүүдэд 15 километрийн зайтай хөдөө гэртээ явган очиж ижий, аавынхаа ажилд тусалдаг, малч хүү явсан агаад хөдөлмөрийн хүмүүжлийг багаасаа олж авч хэрсүү суусан байна. Тэрбээр Улаанбаатар хотын Техник мэргэжлийн сургуулийг авто засварчин мэргэжлээр төгсөөд Монгол улсын гал голомтыг бадраасан Багануурын уурхайгаас ажил хөдөлмөрийн гараагаа эхэлсэн аж. Энд ажиллахдаа Белазын эвдэрсэн эд ангийг задлан засаж, угсран ажиллуулж явсан тухай нэгэн нөхрөөс нь сонссон. Тэр ийм л техник сэтгэлгээтэй. Хөдөлмөрч хүний сэтгэх,ярих, хийх гурав зэрэгцдэг гэх.Энэ үг түүнд тохирох мэт. Түүнийг ажилч хичээнгүй ур чадвартай нэгэн болохыг би мэднэ. Одоогоос олон жилийн өмнө “Нэг ээлжийн дөрөв” сэдэвт сурвалжилга бэлтгэн уншигчдад хүргэсэн юм. Тэгэхэд “бид хааяахан хоёр нь уулзахаар ах, дүүтэйгээ таарсан мэт сэтгэгдэл төрж нэгэндээ хоргодоод байдаг юм” хэмээснээр бидний яриа эхэлсэн санагдана.Тэр цаг үеэс миний бие түүнийг таних болсон юм. Эрдэнэт үйлдвэрийн уулын цулыг тээвэрлэх Белаз зогсолтгүй 24 цаг ажиллана. Эрдэнэс тээвэрлэсэн аварга техникийг уурхайчин эрс жолоодон өглөө үдэшгүй ажилласаар... Тэдний төлөөлөл Бүдрагчаагийн Гарам-Очир, Машийн Пүрэвсүрэн, Хөдөөгийн Сүхбаатар, Очирын Гансүх нар 1998 онд анхны монгол экпажийг байгуулан ажилласан түүхтэй. Эдүгээ тэд 21 дэх жилдээ гар сэтгэл нийлэн хөдөлмөрлөж явна. Тэд сар, улирал, жилийн төлөвлөгөөг цаг хугацаанд нь давуулан биелүүлж ирсний үнэлэмж, үйлдвэрийн хөдөлмөрийн аварга, тэргүүний уурхайчид болцгоожээ. Олон жил эрүүл ажиллаж хөдөлмөрлөж ирсний нууц юунд байна вэ? гэсэн асуултад, би маш сайн амардаг. Эрүүл агаарт алхах дуртай. Зөв хооллож, цаг ямагт хөдөлмөрлөж явахыг хичээдэг хэмээв.&nbsp; Ийм л ажилч хичээнгүй, зарчимч шаардлагатай, хөдөлмөрийн хүмүүс баялаг бүтээдэг биз гэж түүний яриаг сонссон хэн хүн бодохоор. Тэр шинэ санал санаачилга гарган ажилладаг нэгэн. Захын жишээ дурдахад Белазын дугуй өндөр өртөгтэй, “бөөр” нь их элэгдэнэ. Хоёр дугуйны завсар чулуу хавчуулагдаж дугуй халдгийг тэр анх олж харж. Ингэснээр бат бөх чулуу авагч хийх санаачилга гаргажээ. Шавь нартаа сурсан мэдсэнээ харамгүй хэлж зөвлөн 21 жил хөдөлмөрөөрөө бусдад үлгэр дуурайлал болон ажиллаж ирсэн түүний хичээл зүтгэлээр бахархмаар... Тэр эх орныхоо хөх усан судраас ундаалж, хөдөөгийн цэнгэг агаараар амьсгалан гөрөөлөх дуртай. Тэгэхдээ байгаль эхийн хайрласныг авахаас амьтай бүхэн рүү нүхтэй төмөр шагайхгүй. Ганзага мялаахдаа ганц нэг “хулгар шар” намнах төдий. Харин ажлын талбарт алдаа дутагдлын хажуугаар дуугүй өнгөрөхгүй. Аавын хүүхдүүдтэй алагчлалгүй харьцана.<br><br></div><div>&nbsp; &nbsp; &nbsp;Үзэл бодол нийцэхгүй зүйлийг үнэнээр нь хэнээс ч эмээхгүй хэлчихдэг эрс шулуун зан чанар түүнийх. Бусдын гаргасан амжилтыг үнэлж, бахархаж чаддаг нь түүний бас нэгэн мөн чанар. Хүн өөрөө амьдрал дээр биеэр олж авсан мэдлэгийг мартдаггүй. Хүнээр заалгасан юмны тал нь мартагдах явдал бий гэж ярих түүний экипаж 052 номерын Белаз машинаар ээлж хийхгүйгээр 64 мянган мот/цагийн ажил гүйцэтгэж нэг тэрбум төгрөг хэмнэжээ. Өдөр тутмын техник үйлчилгээ, урсгал засварыг цаг хугацаанд нь чанартай хийж эвдрэл гэмтэл гарахаас урьдчилан сэргийлж ажилласны үр дүнд тэд ийм амжилт гаргасан аж. Нөгөө талаар эдний гаргасан амжилтад алтан гартай засварчдын хөдөлмөр их нөлөөлсөн нь түүний экипаж багаар ажиллаж туршлагажсаныг харуулах мэт. Тэр залуу халуун насандаа 48 цаг улиран ажиллаж явснаа ч нуусангүй. Энэ үед ар гэрээс нь хоол зөөдөг байж. Энэ бүхнийг эргэн санахад сайхан байдаг юм гэж хариу нэхсэн харцаар намайг ширтэх. Сэтгэлгүй хүн л тайлбар тавьдаг. Ажил хийе гэсэн сэтгэл байхад арга нь олддог&nbsp; гэсэн. Энэ нь түүний амьдралд баримталдаг нэг зарчим. Түүний хань Цанжидын Чулуунхүү аймгийн Холбооны газар 20 гаруй жил ажилласан нэг нутгийн хоёр гэнэ. Эдний том охин нь АНУ-ын Michgan мужид амьдардаг бол дүү нь дунд сургуулийн сурагч. Тэр ар гэртээ санаа зовохгүй явахаар ажил хийхэд их урамтай байдаг. Аливаа техникийг эвдрэхээс нь урьдаж үйлчилгээ хийх их чухал хэмээн сануулав. ...Хөдөөний нэг бодь эр 130 тоннын Белазыг анх хараад хэдэн давхар байшин шиг том юм хөдлөөд явчихлаа. Хажууд нь пурган машин шүдэнзний хайрцаг шиг харагдана. Жинхэнэ эр хүний унаа байна хэмээн амандаа шагшран зогссон гэдэг... “Эр хүний унаа”-г жолоодогч, Эрдэнэт үйлдвэрийн тэргүүний ажилтан Б.Гарам-Очирын тухай өгүүлэхэд ийм буюу.<br><br></div><div>&nbsp;</div><div><br>Т.БАТЧУЛУУН<br><br></div>\"}}, {\"id\": \"XveqgQlxpioP\", \"type\": \"Image\", \"attributes\": {\"size\": \"810x540\", \"image\": null, \"caption\": \"Аварга машины жолооч\"}}]}',1),(6,'2019-02-23 11:43:42','2019-02-23 11:46:38','ФОТО: Шороон нохой жилийн отгон алдартнууд тодорлоо','publish','{\"blocks\": [{\"id\": \"gR7jbLNW6tBK\", \"type\": \"Text\", \"attributes\": {\"content\": \"<div>Гэрэл зургийг Б.Баттөгс</div>\"}}, {\"id\": \"GXZj7wmabfo5\", \"type\": \"Gallery\", \"attributes\": {\"images\": [{\"id\": 39, \"image\": \"media/mMYXcYlXyhynAz3K2NVtI9erKqw2gdPPI28C7BK2.jpeg\", \"caption\": \"Шороон нохой жилийн отгон алдартнууд тодорлоо\"}, {\"id\": 38, \"image\": \"media/iOalPrYbzREeyErSJ2En5QEhHSYP4SKpR5s4xITe.jpeg\", \"caption\": \"Шороон нохой жилийн отгон алдартнууд тодорлоо\"}, {\"id\": 37, \"image\": \"media/RUt8OmJc5R3JRQXjIjDlle5STpwxMhIKm6Y2yvQ0.jpeg\", \"caption\": \"Шороон нохой жилийн отгон алдартнууд тодорлоо\"}, {\"id\": 36, \"image\": \"media/aPtGaaGcE2wB0jQnJa4wTHpp9d9Fwrxs5700mXux.jpeg\", \"caption\": \"Шороон нохой жилийн отгон алдартнууд тодорлоо\"}, {\"id\": 35, \"image\": \"media/dYGmKBmMCoIGg9tSOHwixqOxikMQBU9rwuplu17T.jpeg\", \"caption\": \"Шороон нохой жилийн отгон алдартнууд тодорлоо\"}, {\"id\": 34, \"image\": \"media/3dzl7kJEmvsny4JQxBf8ajvWiwwXmarwjzXaoV7D.jpeg\", \"caption\": \"Шороон нохой жилийн отгон алдартнууд тодорлоо\"}, {\"id\": 33, \"image\": \"media/pIl2NALYwzCGGtBOocs1owA3MzPmWZIau5fr02z1.jpeg\", \"caption\": \"Шороон нохой жилийн отгон алдартнууд тодорлоо\"}, {\"id\": 32, \"image\": \"media/8LXVYlBWLjDviVPG9P7oreqTaSFnmJdwS2rzbkfO.jpeg\", \"caption\": \"Шороон нохой жилийн отгон алдартнууд тодорлоо\"}, {\"id\": 31, \"image\": \"media/PCFmAwfocZgVFYf1Cj6K9ZForeAaL5bESvwDJXB1.jpeg\", \"caption\": \"Шороон нохой жилийн отгон алдартнууд тодорлоо\"}, {\"id\": 30, \"image\": \"media/E1x2aZPO4owLoDYvSE8xGSyzliLK3NGftUlFuGtH.jpeg\", \"caption\": \"Шороон нохой жилийн отгон алдартнууд тодорлоо\"}, {\"id\": 29, \"image\": \"media/krXNLrUECGC0Zs3H7Wm734V0dZJ2Sn8Zzub42jXc.jpeg\", \"caption\": \"Шороон нохой жилийн отгон алдартнууд тодорлоо\"}, {\"id\": 28, \"image\": \"media/kW30G4zbRAqcEeYjgQYk6Zr520tOkQPj0HzlF5rT.jpeg\", \"caption\": \"Шороон нохой жилийн отгон алдартнууд тодорлоо\"}, {\"id\": 27, \"image\": \"media/hBB0Gc48AIL4D8CA33spAQ8k1tZGAn3d1HU7MZxs.jpeg\", \"caption\": \"Шороон нохой жилийн отгон алдартнууд тодорлоо\"}], \"columns\": 4}}]}',1),(7,'2019-02-27 04:50:40','2019-03-14 00:37:09','\"Антибиотикт тэсвэртэй бактерийг устгах бүрэн боломжтой\"','publish','{\"blocks\": [{\"id\": \"6gEeLnKMmCl\", \"type\": \"Text\", \"attributes\": {\"content\": \"<div><strong>-Сүүлийн үед манай улсын эрдэмтэд импортыг орлох экспортын бүтээгдэхүүн үйлдвэрлэх чиглэлд судалгаа, шинжилгээний ажлаа чиглүүлж байгаа нь анзаарагдаж байна. Та бүхний хувьд “Ам зайлагч” бүтээгдэхүүн зах зээлд нэвтрүүлэхээр ажиллаж эхэлжээ. Яагаад заавал “Ам зайлагч” бүтээгдэхүүнийг Монголдоо үйлдвэрлэхээр сонгосон юм бэ?</strong></div><div>-Монголчуудын дунд насанд хүрсэн хүмүүсийн 90 орчим хувь нь, хүүхдүүдийн 80 орчим хувь нь амны хөндийн үрэвсэлтэй байна гэсэн судалгаа байдаг. Энэ үзүүлэлт нь амны хөндийн өвчлөл нь үндэсний хэмжээнд анхаарах шаардлагатай эрүүл мэндийн асуудал болсныг илтгэж байна. Шүд эрүүл бол бие эрүүл гэж ярьдаг. Амны хөндийн үрэвсэл нь даамжирснаар үе мөч, зүрх, бөөрийг үрэвсүүлэн олон өвчний үндэс суурь болдог байна. Иймээс энэ асуудлыг шийдэх үүднээс амны хөндийн өвчлөлөөс урьдчилан сэргийлэх, антибиотикт тэсвэржсэн бактерийг устгах үйлчилгээтэй, ургамлын гаралтай ам зайлагч бүтээгдэхүүн бий болгох нь зүйтэй юм байна гэсэн шийдэлд хүрээд судалгаа, шинжилгээний ажлаа хийж, одоо бүтээгдэхүүн хөгжүүлэлтийн шатандаа явж байна. Бидний бүтээгдэхүүн зах зээлд нэвтэрснээр МУИС-ийн судлаачдын олон жилийн судалгааны үр дүнд бий болсон мэдлэг шингэсэн, хэрэглэгчдийн эрүүл мэндийг дэмжих инновацийн бүтээгдэхүүнийг хэрэглээнд нэвтрүүлээд зогсохгүй, дотоодын байгалийн нөөцийг үр ашигтай зарцуулж, нэмүү өртөг шингэсэн экспортод чиглэсэн бүтээгдэхүүнийг бий болгох ач холбогдолтой юм.</div><div><strong>-Ам зайлагч бүтээгдэхүүний гол түүхий эд нь юу вэ?</strong></div><div>-Цомцогт бэрцэцэг гэж ургамал бий. Төвд, Монголын уламжлалт анагаах ухаанд цэцгийг нь уушги, хоол боловсруулах замын халдварт өвчинд, газрын дээд хэсгийг нь цусны халдварын үед хэрэглэж байсан. Бидний судалгаагаар Цомцогт бэрцэцэг нь Quorum sensing inhibitor буюу бактерийн гадны нөлөөнд тэсвэрлэх чадварыг дарангуйлах өндөр идэвхтэй нь тогтоогдоод байна. Судалгааг гүнзгийрүүлэн идэвх үзүүлж буй нэгдлийг цэврээр ялгаж, химийн бүтцийг тогтоох ажлыг Япон улсын Тохо их сургуультай хамтран хийж байна. Мөн энэ цэцгийг Монгол Улсын Засгийн газраас 2014 оны аравдугаар сарын 25-нд Монголын ард түмний амгалан тайван амьдрал, байгаль дэлхийг хайрлах бэлгэдэл болгон “Үндэсний бахархалт цэцэг” болгон зарласан байдаг.</div><div><strong>-Антибиотикт тэсвэртэй бактерийг устгана гэдэг нь анхаарал татаж байна. Сүүлийн үед&nbsp; антибиотик уугаад уугаад өвчин эдгэхгүй байх хандлага ихэсч байна. Тэгэхээр энэ асуудлыг шийднэ гэсэн үг үү?</strong></div><div>-Манай лаборатори 2006 оноос эхлэн ургамал, микро организмаас бактерийн эсрэг идэвхтэй нэгдэл илрүүлэх, антиоксидант идэвхтэй нэгдэл илрүүлэх зэрэг судалгааны ажлыг тасралтгүй хийсээр ирсэн. 2010 оноос эхлэн бид антибиотикт тэсвэржсэн бактерийн эсрэг идэвхийг илрүүлэх судалгаа хийж байна.</div><div>Амны хөндийд маш олон зүйлийн микро организм байдаг. Амны хөндийд байршин шүд болон буйлыг үрэвсүүлж буй өвчин үүсгэгч бактериуд нь бөөгнөрч биомасс үүсгэн гадна талаараа биофилмийн бүрхүүл үүсгэх нь түгээмэл байдаг бөгөөд бичил биетнүүдийн биомассд биофилм үүссэнээр эмд тэсвэрлэх чадвар нь 100-1000 дахин нэмэгдэхээс гадна эзэн эсийн дархлааны системд тэсвэртэй болж тухайн өвчин архагших үндэс болдог байна.</div><div>Бидний хийж буй&nbsp; “Ам зайлагч” бүтээгдэхүүн маань лабораторийн тест омог болох <em>Chromobacterium violaceum </em>дээр өндөр идэвхтэй нь тогтоогдоод байна. Мөн хоруу чанаргүй гэж туршилтаар нотлогдсон. Үүнээс гадна бид сүүлийн үед олон эмд тэсвэртэй Staphylococcus aureus&nbsp; (MRSA) дээр судалгаа хийж эхлээд байна.</div>\"}}, {\"id\": \"RVBGpjAP2fK\", \"type\": \"Carousel\", \"attributes\": {\"slides\": [{\"id\": \"5QvjpW5P6fZa\", \"link\": \"https://news.mn/r/2093800/\", \"image\": \"media/OW6AZnLeWMq8lvYClvjlDUoEWluCcJJGIiJHzNIz.jpeg\", \"title\": \"\\\"Антибиотикт тэсвэртэй бактерийг устгах бүрэн боломжтой\\\"\", \"caption\": \"-Сүүлийн үед манай улсын эрдэмтэд импортыг орлох экспортын бүтээгдэхүүн үйлдвэрлэх чиглэлд судалгаа, шинжилгээний ажлаа чиглүүлж байгаа нь анзаарагдаж байна. Та бүхний хувьд “Ам зайлагч” бүтээгдэхүүн зах зээлд нэвтрүүлэхээр ажиллаж эхэлжээ. Яагаад заавал “Ам зайлагч” бүтээгдэхүүнийг Монголдоо үйлдвэрлэхээр сонгосон юм бэ?\\n\\n-Монголчуудын дунд насанд хүрсэн хүмүүсийн 90 орчим хувь нь, хүүхдүүдийн 80 орчим хувь нь амны хөндийн үрэвсэлтэй байна гэсэн судалгаа байдаг. Энэ үзүүлэлт нь амны хөндийн өвчлөл нь үндэсний хэмжээнд анхаарах шаардлагатай эрүүл мэндийн асуудал болсныг илтгэж байна. Шүд эрүүл бол бие эрүүл гэж ярьдаг. Амны хөндийн үрэвсэл нь даамжирснаар үе мөч, зүрх, бөөрийг үрэвсүүлэн олон өвчний үндэс суурь болдог байна. Иймээс энэ асуудлыг шийдэх үүднээс амны хөндийн өвчлөлөөс урьдчилан сэргийлэх, антибиотикт тэсвэржсэн бактерийг устгах үйлчилгээтэй, ургамлын гаралтай ам зайлагч бүтээгдэхүүн бий болгох нь зүйтэй юм байна гэсэн шийдэлд хүрээд судалгаа, шинжилгээний ажлаа хийж, одоо бүтээгдэхүүн хөгжүүлэлтийн шатандаа явж байна. Бидний бүтээгдэхүүн зах зээлд нэвтэрснээр МУИС-ийн судлаачдын олон жилийн судалгааны үр дүнд бий болсон мэдлэг шингэсэн, хэрэглэгчдийн эрүүл мэндийг дэмжих инновацийн бүтээгдэхүүнийг хэрэглээнд нэвтрүүлээд зогсохгүй, дотоодын байгалийн нөөцийг үр ашигтай зарцуулж, нэмүү өртөг шингэсэн экспортод чиглэсэн бүтээгдэхүүнийг бий болгох ач холбогдолтой юм.\"}]}}], \"commentable\": true}',1);
/*!40000 ALTER TABLE `posts` ENABLE KEYS */;
UNLOCK TABLES;
DROP TABLE IF EXISTS `procurement_results`;
/*!40101 SET @saved_cs_client     = @@character_set_client */;
/*!40101 SET character_set_client = utf8 */;
CREATE TABLE `procurement_results` (
  `id` int(10) unsigned NOT NULL AUTO_INCREMENT,
  `created_at` timestamp NULL DEFAULT NULL,
  `updated_at` timestamp NULL DEFAULT NULL,
  `title` varchar(255) COLLATE utf8mb4_unicode_ci NOT NULL,
  `description` text COLLATE utf8mb4_unicode_ci NOT NULL,
  `attachment` varchar(255) COLLATE utf8mb4_unicode_ci DEFAULT NULL,
  `attachment_name` varchar(255) COLLATE utf8mb4_unicode_ci DEFAULT NULL,
  `status` varchar(10) COLLATE utf8mb4_unicode_ci NOT NULL,
  `user_id` int(10) unsigned NOT NULL,
  PRIMARY KEY (`id`),
  KEY `procurement_results_user_id_foreign` (`user_id`),
  CONSTRAINT `procurement_results_user_id_foreign` FOREIGN KEY (`user_id`) REFERENCES `users` (`id`)
) ENGINE=InnoDB AUTO_INCREMENT=2 DEFAULT CHARSET=utf8mb4 COLLATE=utf8mb4_unicode_ci;
/*!40101 SET character_set_client = @saved_cs_client */;

LOCK TABLES `procurement_results` WRITE;
/*!40000 ALTER TABLE `procurement_results` DISABLE KEYS */;
INSERT INTO `procurement_results` VALUES (1,'2019-02-22 06:17:59','2019-02-22 06:17:59','2018','<div>Тайлбар</div>','procurement/result/Japv9v5N0xspgMRkXAcgFH2v8WtUtNdZJ6uY4fBP.docx','1212-Баян-Өндөр-сум-төсөв.docx','publish',1);
/*!40000 ALTER TABLE `procurement_results` ENABLE KEYS */;
UNLOCK TABLES;
DROP TABLE IF EXISTS `procurements`;
/*!40101 SET @saved_cs_client     = @@character_set_client */;
/*!40101 SET character_set_client = utf8 */;
CREATE TABLE `procurements` (
  `id` int(10) unsigned NOT NULL AUTO_INCREMENT,
  `created_at` timestamp NULL DEFAULT NULL,
  `updated_at` timestamp NULL DEFAULT NULL,
  `name` varchar(255) COLLATE utf8mb4_unicode_ci NOT NULL,
  `start_date` datetime NOT NULL,
  `end_date` datetime NOT NULL,
  `description` text COLLATE utf8mb4_unicode_ci NOT NULL,
  `form` varchar(255) COLLATE utf8mb4_unicode_ci DEFAULT NULL,
  `attachment` varchar(255) COLLATE utf8mb4_unicode_ci DEFAULT NULL,
  `status` varchar(10) COLLATE utf8mb4_unicode_ci NOT NULL,
  `props` json DEFAULT NULL,
  `user_id` int(10) unsigned NOT NULL,
  `owner_id` int(10) unsigned DEFAULT NULL,
  `number` varchar(255) COLLATE utf8mb4_unicode_ci DEFAULT NULL,
  PRIMARY KEY (`id`),
  KEY `procurements_user_id_foreign` (`user_id`),
  KEY `procurements_owner_id_foreign` (`owner_id`),
  CONSTRAINT `procurements_owner_id_foreign` FOREIGN KEY (`owner_id`) REFERENCES `users` (`id`),
  CONSTRAINT `procurements_user_id_foreign` FOREIGN KEY (`user_id`) REFERENCES `users` (`id`)
) ENGINE=InnoDB AUTO_INCREMENT=6 DEFAULT CHARSET=utf8mb4 COLLATE=utf8mb4_unicode_ci;
/*!40101 SET character_set_client = @saved_cs_client */;

LOCK TABLES `procurements` WRITE;
/*!40000 ALTER TABLE `procurements` DISABLE KEYS */;
INSERT INTO `procurements` VALUES (1,'2019-02-21 02:46:37','2019-02-21 02:46:37','Тендер шалгаруулалтын нэр: Автобензин Аи-95 нийлүүлэх','2019-02-21 00:00:00','2019-02-28 00:00:00','<div>Огноо: 2019 оны 02 дугаар сарын 18<br>Тендер шалгаруулалтын нэр: Автобензин Аи-95 нийлүүлэх&nbsp;<br>Тендер шалгаруулалтын дугаар: ХХ-2019/07-003</div>',NULL,NULL,'publish','{\"sanamj\": \"<div>Утас: 75773778<br>Факс: 70353002</div>\", \"documents\": \"<div>Огноо: 2019 оны 02 дугаар сарын 18<br>Тендер шалгаруулалтын нэр: Автобензин Аи-95 нийлүүлэх&nbsp;<br>Тендер шалгаруулалтын дугаар: ХХ-2019/07-003<br>Эрдэнэт үйлдвэр ХХК нь эрх бүхий тендерт оролцогчдоос Автобензин Аи-95 нийлүүлэх тухай битүүмжилсэн нээлттэй тендер ирүүлэхийг урьж байна.<br>Төсөвт өртөг: 391,246,000 /Гурван зуун ерэн нэгэн сая хоёр зуун дөчин зургаан мянга / төгрөг<br>Тендерийн баримт бичгийг (хүсвэл нэмэлт хувийг) бичгээр хүсэлтээ гаргаж, эргэж төлөгдөхгүй нөхцөлтэйгөөр иж бүрдлээр нь 50000 төгрөг, эсхүл түүнтэй тэнцэх хэмжээний чөлөөтэй хөрвөх валютаар худалдан авч болно.&nbsp;<br>Тендер нь түүнийг нээсэн өдрөөс эхлэн 45 хоногийн дотор хүчинтэй байна.<br>Тендерийн баримт бичгийн төлбөрийг Худалдаа хөгжлийн банкны Орхон аймгийн салбар дахь Эрдэнэт үйлдвэр ХХК-ийн 407 016 667 тоот дансанд төлсөн байна.&nbsp;<br>Тендерт оролцогч нь санхүүгийн дараах шаардлагыг хангасан байна. Үүнд:&nbsp;<br>Аудитаар баталгаажуулсан санхүүгийн тайлан ирүүлэх жилийн тоо: Сүүлийн 2 жил /2016 он, 2017 он/<br>Борлуулалтын хэмжээ: Сүүлийн 2 жил ( 2016 он, 2017 он)-ийн аль нэг жилд гүйцэтгэсэн нийт борлуулалтын хэмжээ нь тендерт санал болгож буй үнийн дүнгээс багагүй байна.&nbsp;<br>Түргэн хөрвөх чадвартай хөрөнгө болон авах боломжтой зээлийн хэмжээ: Тендерт санал болгож буй үнийн дүнгийн 50 хувиас багагүй байна.&nbsp;<br>Тендерийн хамт санал болгож буй үнийн дүнгийн 1%-тай тэнцэх төгрөг, эсхүл түүнтэй тэнцүү чөлөөтэй хөрвөх валютын дүнтэй тендерийн баталгаа ирүүлнэ.<br>Тендерийг 2019 оны 03 дугаар сарын 20-ны өдрийн 09 цаг 00 минутаас өмнө доорх хаягаар ирүүлэх ба нээлтэд оролцох хүсэлтэй тендерт оролцогчдыг байлцуулан тендерийг 2019 оны 03 дугаар сарын 20-ны өдрийн 09 цаг 50 минутад нээнэ.<br>Гадаадын этгээд тендер ирүүлэх эрхтэй.<br>Дотоодын давуу эрх тооцно.<br>Сонирхсон этгээд тендерийн баримт бичиг болон бусад мэдээллийг доорх хаягаар авч болно.<br>Орхон аймаг, Баян-Өндөр сум, Найрамдал талбай, Эрдэнэт үйлдвэр ХХК-ийн Ерөнхий захиргааны II байр, 350 тоот өрөө,<br>Утас: 75773778<br>Факс: 70353002<br>Вэб сайт: www.erdenetmc.mn<br>E-mail: batbold@erdenetmc.mn&nbsp;</div><div><br></div><div><br></div><div>&nbsp;</div>\", \"contract_term\": \"<div>Вэб сайт: www.erdenetmc.mn<br>E-mail: batbold@erdenetmc.mn&nbsp;</div>\"}',1,NULL,NULL),(2,'2019-02-21 07:10:54','2019-02-21 07:10:54','Шингэн металлын температур хэмжигчийг харьцуулалтын аргаар худалдан авах','2019-02-03 00:00:00','2019-02-06 00:00:00','<div>Шингэн металлын температур хэмжигчийг харьцуулалтын аргаар худалдан авах</div>',NULL,NULL,'publish','{\"sanamj\": \"<div>Хугацаа хоцорсон....</div>\", \"documents\": \"<div>Шингэн металлын температур хэмжигчийг харьцуулалтын аргаар худалдан авах <br>Компанийн 2019 оны захиалгын дагуу шингэн металллын температур хэмжигчийг Эрдэнэт үйлдвэр ХХК-ийн агуулах нөхцөлөөр харьцуулалтын аргаар худалдан авах тул дараах шаардлагуудыг хангасан байна. Үүнд: Техникийн тодорхойлолтод заасан барааны үнийг үндэсний мөнгөн тэмдэгтээр, барааны төрөл тус бүрд нэгж үнэ, нийт үнэ, барааны нийт үнийн дүнгээр, НӨАТ орсон эсэх, нийлүүлэх хугацааг тодорхой зааж ирүүлнэ үү. Техникийн даалгаварыг <a href=\\\"https://erdenetmc.mn/docs/pdf/%D1%82%D0%B5%D1%80%D0%BC%D0%BE%D0%BF%D0%B0%D1%80.pdf\\\">Хавсралт №1</a>-д үзүүлэв.<br>Жич: Үнийн санал, техникийн үзүүлэлтийг Орхон аймаг, Эрдэнэт үйлдвэр ХХК-ийн Ерөнхий захиргааны II байр 352 тоот өрөөнд 2019.02.14-ний өдрийн 10.00 хүртэл битүүмжлэн хүлээн авч, оролцсон компаниудын төлөөллийг байлцуулан 2019.02.14-ны өдрийн 10 цаг 20 минутад нээнэ. Гэрээ хийх эрх үүссэн тохиолдолд үнийн саналын 5 хувьтай тэнцэх гэрээний гүйцэтгэлийн баталгаа ирүүлнэ.<br>Холбогдох утас, хаяг: Хангамжийн мэргэжилтэн Ш.Мэндбаяр, утас 75773788<br>E-mail: sh_mend@erdenetmc.mn</div>\", \"contract_term\": \"<div>Гэрээ хийх эрх үүссэн тохиолдолд үнийн саналын 5 хувьтай тэнцэх гэрээний гүйцэтгэлийн баталгаа ирүүлнэ.</div>\"}',1,NULL,NULL),(3,'2019-02-21 07:10:54','2019-02-21 07:10:54','Шингэн металлын температур хэмжигчийг харьцуулалтын аргаар худалдан авах','2019-02-03 00:00:00','2019-02-06 00:00:00','<div>Шингэн металлын температур хэмжигчийг харьцуулалтын аргаар худалдан авах</div>',NULL,NULL,'publish','{\"sanamj\": \"<div>Хугацаа хоцорсон....</div>\", \"documents\": \"<div>Шингэн металлын температур хэмжигчийг харьцуулалтын аргаар худалдан авах <br>Компанийн 2019 оны захиалгын дагуу шингэн металллын температур хэмжигчийг Эрдэнэт үйлдвэр ХХК-ийн агуулах нөхцөлөөр харьцуулалтын аргаар худалдан авах тул дараах шаардлагуудыг хангасан байна. Үүнд: Техникийн тодорхойлолтод заасан барааны үнийг үндэсний мөнгөн тэмдэгтээр, барааны төрөл тус бүрд нэгж үнэ, нийт үнэ, барааны нийт үнийн дүнгээр, НӨАТ орсон эсэх, нийлүүлэх хугацааг тодорхой зааж ирүүлнэ үү. Техникийн даалгаварыг <a href=\\\"https://erdenetmc.mn/docs/pdf/%D1%82%D0%B5%D1%80%D0%BC%D0%BE%D0%BF%D0%B0%D1%80.pdf\\\">Хавсралт №1</a>-д үзүүлэв.<br>Жич: Үнийн санал, техникийн үзүүлэлтийг Орхон аймаг, Эрдэнэт үйлдвэр ХХК-ийн Ерөнхий захиргааны II байр 352 тоот өрөөнд 2019.02.14-ний өдрийн 10.00 хүртэл битүүмжлэн хүлээн авч, оролцсон компаниудын төлөөллийг байлцуулан 2019.02.14-ны өдрийн 10 цаг 20 минутад нээнэ. Гэрээ хийх эрх үүссэн тохиолдолд үнийн саналын 5 хувьтай тэнцэх гэрээний гүйцэтгэлийн баталгаа ирүүлнэ.<br>Холбогдох утас, хаяг: Хангамжийн мэргэжилтэн Ш.Мэндбаяр, утас 75773788<br>E-mail: sh_mend@erdenetmc.mn</div>\", \"contract_term\": \"<div>Гэрээ хийх эрх үүссэн тохиолдолд үнийн саналын 5 хувьтай тэнцэх гэрээний гүйцэтгэлийн баталгаа ирүүлнэ.</div>\"}',1,NULL,NULL),(4,'2019-02-21 07:12:47','2019-03-25 14:24:34','Тахометр Leica FlexLine TS10 харьцуулалтын аргаар 2 ширхэгийг худалдан авах','2019-01-28 00:00:00','2019-02-10 00:00:00','<div>“Эрдэнэт үйлдвэр” ХХК-ийн 2018 оны эргэлтийн хөрөнгийн захиалганд байгаа дараах бараа материалыг DDP-Эрдэнэт агуулах нөхцөлөөр харьцуулалтын аргаар яаралтай худалдан авах&nbsp;</div>',NULL,NULL,'publish','{\"sanamj\": \"<div>Шаардлага хангасан гүйцэтгэлийн баталгааг ирүүлээгүй нь гэрээ байгуулах эрхийг хүчингүй болгох үндэслэл болно.</div>\", \"documents\": \"<div>“Эрдэнэт үйлдвэр” ХХК-ийн 2018 оны эргэлтийн хөрөнгийн захиалганд байгаа дараах бараа материалыг DDP-Эрдэнэт агуулах нөхцөлөөр харьцуулалтын аргаар яаралтай худалдан авах&nbsp;<br>- Масло Shell Tellus S2 V46 - 10,000 литр<br>Холбогдох утас хаяг: Хангамжийн мэргэжилтэн Ч.Батболд утас 99351496<br>И-мэйл: batbold@erdenetmc.mn<br>Хаяг: 61027, Монгол Улс, Орхон аймаг, Эрдэнэт үйлдвэр ХХК-ийн Ерөнхий захиргааны байр 350 тоот<br>Жич: Үнийн саналыг 2018.12.06-ны өдрийн 10:00 цаг хүртэл битүүмжилсэн байдлаар авч төлөөллийг байлцуулан 2018.12.06 өдрийн 10:10 цагт нээнэ. Тухайн нийлүүлэх барааны чанарын сертификат, үзүүлэлтийг тусгасан дэлгэрэнгүй мэдээллийг хавсарган ирүүлнэ үү. Үнийн саналд НӨАТ орсон ороогүйг тодорхой тусгаж, бараа нийлүүлэх хугацааг тодорхой бичнэ. Нийлүүлэх бараа нь Shell Tellus S2 V46 болон түүнтэй дүйцэхүүц тос байна. Хамгийн сайн үнэлэгдсэн оролцогч гэрээний үнийн дүнгийн 5 хувьтай тэнцэх гүйцэтгэлийн баталгааг мэдэгдэл хүлээн авснаас хойш 5 хоногийн дотор ирүүлэх шаардлагатай. Шаардлага хангасан гүйцэтгэлийн баталгааг ирүүлээгүй нь гэрээ байгуулах эрхийг хүчингүй болгох үндэслэл болно.</div>\", \"winner_info\": \"<div>jhoyitpoiuy</div>\", \"contract_term\": \"<div>Шаардлага хангасан гүйцэтгэлийн баталгааг ирүүлээгүй нь гэрээ байгуулах эрхийг хүчингүй болгох үндэслэл болно.</div>\"}',1,NULL,'65456465'),(5,'2019-02-21 07:14:59','2019-03-19 05:38:46','Явуулын контейнер худалдан авалт.','2019-01-27 00:00:00','2019-02-28 00:00:00','<div>Шалгаруулалтын нэр:&nbsp;<br>Явуулын контейнер худалдан авалт.<br><br></div>',NULL,NULL,'publish','{\"sanamj\": \"<div>гэрээ байгуулах эрхийг хүчингүй болгох үндэслэл болно.</div>\", \"documents\": \"<div><strong>Шалгаруулалтын нэр: </strong><br>Явуулын контейнер худалдан авалт.</div><div><br>1 | 20тн багтаамжтай контейнер | 4ш<br>2 | 40тн багтаамжтай контейнер | 2ш</div><div>Бараа нийлүүлэх үнийн саналд тусгах зүйлс:</div><ul><li>Материалыг Эрдэнэт үйлдвэр ХХК-ийн Ерөнхий захиргааны байрны 350 тоотод 2018.11.14-ны өдрийн 9.00 цаг хүртэл битүүмжлэн авч төлөөллийг байлцуулан нээнэ.</li><li>Үнийн санал үндэсний мөнгөн тэмдэгтээр илэрхийлнэ,</li><li>Барааны төрөл тус бүрд нэгж үнэ, нийт үнэ, нийт хөлийн дүн заана,</li><li>Үнийн саналд НӨАТ орсон, ороогүйг тодорхой тусгана</li></ul><div>Гэрээний нөхцөл:</div><ul><li>Бараа нийлүүлэх хугацаа 7 хоногийн дотор, DDP Эрдэнэт үйлдвэр ХХК</li><li>Төлбөрийн нөхцөл барааг агуулахад бүрэн хүлээлгэж өгснөөс хойш байна.</li></ul><div>Холбогдох утас, хаяг: Хангамжийн мэргэжилтэн Б.Золбоо, утас 75773777<br>И-мэйл: zolboo.b@erdenetmc.mn<br>Хаяг: 61027, Монгол улс, Орхон аймаг, Эрдэнэт үйлдвэр ХХК-ийн Ерөнхий захиргааны байр 350 тоот.<br>Жич: Хамгийн сайн үнэлэгдсэн оролцогч гэрээний үнийн дүнгийн 5 хувьтай тэнцэх гүйцэтгэлийн баталгааг мэдэгдэл хүлээн авснаас хойш 5 хоногийн дотор ирүүлэх шаардлагатай. Шаардлага хангасан гүйцэтгэлийн баталгааг ирүүлээгүй нь гэрээ байгуулах эрхийг хүчингүй болгох үндэслэл болно.</div>\", \"winner_info\": \"<div>ЗИТИЭЛ ХХК шалгарсан байна</div>\", \"contract_term\": \"<div>гэрээ байгуулах эрхийг хүчингүй болгох үндэслэл болно.&lt;iframe width=\\\"560\\\" height=\\\"315\\\" src=\\\"https://www.youtube.com/embed/LfOSGrhIDK8\\\" frameborder=\\\"0\\\" allow=\\\"accelerometer; autoplay; encrypted-media; gyroscope; picture-in-picture\\\" allowfullscreen&gt;&lt;/iframe&gt;</div>\"}',1,NULL,'AAA112');
/*!40000 ALTER TABLE `procurements` ENABLE KEYS */;
UNLOCK TABLES;
DROP TABLE IF EXISTS `queue_jobs`;
/*!40101 SET @saved_cs_client     = @@character_set_client */;
/*!40101 SET character_set_client = utf8 */;
CREATE TABLE `queue_jobs` (
  `id` bigint(20) unsigned NOT NULL AUTO_INCREMENT,
  `queue` varchar(255) COLLATE utf8mb4_unicode_ci NOT NULL,
  `payload` longtext COLLATE utf8mb4_unicode_ci NOT NULL,
  `attempts` tinyint(3) unsigned NOT NULL,
  `reserved_at` int(10) unsigned DEFAULT NULL,
  `available_at` int(10) unsigned NOT NULL,
  `created_at` int(10) unsigned NOT NULL,
  PRIMARY KEY (`id`),
  KEY `queue_jobs_queue_index` (`queue`)
) ENGINE=InnoDB DEFAULT CHARSET=utf8mb4 COLLATE=utf8mb4_unicode_ci;
/*!40101 SET character_set_client = @saved_cs_client */;

LOCK TABLES `queue_jobs` WRITE;
/*!40000 ALTER TABLE `queue_jobs` DISABLE KEYS */;
/*!40000 ALTER TABLE `queue_jobs` ENABLE KEYS */;
UNLOCK TABLES;
DROP TABLE IF EXISTS `roles`;
/*!40101 SET @saved_cs_client     = @@character_set_client */;
/*!40101 SET character_set_client = utf8 */;
CREATE TABLE `roles` (
  `id` int(10) unsigned NOT NULL AUTO_INCREMENT,
  `created_at` timestamp NULL DEFAULT NULL,
  `updated_at` timestamp NULL DEFAULT NULL,
  `name` varchar(255) COLLATE utf8mb4_unicode_ci NOT NULL,
  `permissions` json DEFAULT NULL,
  PRIMARY KEY (`id`)
) ENGINE=InnoDB AUTO_INCREMENT=4 DEFAULT CHARSET=utf8mb4 COLLATE=utf8mb4_unicode_ci;
/*!40101 SET character_set_client = @saved_cs_client */;

LOCK TABLES `roles` WRITE;
/*!40000 ALTER TABLE `roles` DISABLE KEYS */;
INSERT INTO `roles` VALUES (1,'2019-02-27 06:20:23','2019-02-27 06:20:23','post','[\"managePosts\"]'),(2,'2019-02-28 03:38:33','2019-02-28 03:38:33','full admin','[\"manageUsers\", \"manageRoles\", \"managePages\", \"manageSettings\", \"manageCompanies\", \"manageProcurements\", \"manageMenus\", \"manageCategorys\", \"managePosts\", \"manageComments\", \"manageMedia\"]'),(3,'2019-03-10 06:22:52','2019-03-10 06:22:52','murunbaatar','[\"managePosts\", \"manageMedia\", \"manageComments\"]');
/*!40000 ALTER TABLE `roles` ENABLE KEYS */;
UNLOCK TABLES;
DROP TABLE IF EXISTS `user_roles`;
/*!40101 SET @saved_cs_client     = @@character_set_client */;
/*!40101 SET character_set_client = utf8 */;
CREATE TABLE `user_roles` (
  `user_id` int(10) unsigned NOT NULL,
  `role_id` int(10) unsigned NOT NULL,
  PRIMARY KEY (`user_id`,`role_id`),
  KEY `user_roles_role_id_foreign` (`role_id`),
  CONSTRAINT `user_roles_role_id_foreign` FOREIGN KEY (`role_id`) REFERENCES `roles` (`id`) ON DELETE CASCADE,
  CONSTRAINT `user_roles_user_id_foreign` FOREIGN KEY (`user_id`) REFERENCES `users` (`id`) ON DELETE CASCADE
) ENGINE=InnoDB DEFAULT CHARSET=utf8mb4 COLLATE=utf8mb4_unicode_ci;
/*!40101 SET character_set_client = @saved_cs_client */;

LOCK TABLES `user_roles` WRITE;
/*!40000 ALTER TABLE `user_roles` DISABLE KEYS */;
INSERT INTO `user_roles` VALUES (6,1),(13,2);
/*!40000 ALTER TABLE `user_roles` ENABLE KEYS */;
UNLOCK TABLES;
DROP TABLE IF EXISTS `users`;
/*!40101 SET @saved_cs_client     = @@character_set_client */;
/*!40101 SET character_set_client = utf8 */;
CREATE TABLE `users` (
  `id` int(10) unsigned NOT NULL AUTO_INCREMENT,
  `name` varchar(255) COLLATE utf8mb4_unicode_ci NOT NULL,
  `email` varchar(255) COLLATE utf8mb4_unicode_ci NOT NULL,
  `email_verified_at` timestamp NULL DEFAULT NULL,
  `password` varchar(255) COLLATE utf8mb4_unicode_ci NOT NULL,
  `remember_token` varchar(100) COLLATE utf8mb4_unicode_ci DEFAULT NULL,
  `created_at` timestamp NULL DEFAULT NULL,
  `updated_at` timestamp NULL DEFAULT NULL,
  `avatar` varchar(255) COLLATE utf8mb4_unicode_ci DEFAULT NULL,
  `props` json DEFAULT NULL,
  PRIMARY KEY (`id`),
  UNIQUE KEY `users_email_unique` (`email`)
) ENGINE=InnoDB AUTO_INCREMENT=14 DEFAULT CHARSET=utf8mb4 COLLATE=utf8mb4_unicode_ci;
/*!40101 SET character_set_client = @saved_cs_client */;

LOCK TABLES `users` WRITE;
/*!40000 ALTER TABLE `users` DISABLE KEYS */;
INSERT INTO `users` VALUES (1,'admin','2000.khz@gmail.com',NULL,'$2y$10$m.gJ5pQpqk8n6q/NTZW//Oo6V.8nd3zld5updCcZdfY9ji9apwbQG','2ouIA2OsDZlVTj0kIT2gd3HGsP7e1n4Q6pOKRGimtJO6IdN2TrmLBWbuDJxh','2019-02-20 17:05:44','2019-02-28 03:39:02',NULL,'{\"phone\": null, \"address\": null, \"position\": null, \"office_phone\": null}'),(2,'Mr. Greyson Romaguera','lorna38@example.com','2019-02-20 17:05:44','$2y$10$TKh8H1.PfQx37YgCzwiKb.KjNyWgaHb9cbcoQgdIVFlYg7B77UdFm','sWtZMpzhHG','2019-02-20 17:05:44','2019-02-20 17:05:44',NULL,NULL),(3,'Hardy Torphy','jayne.cole@example.com','2019-02-20 17:05:44','$2y$10$TKh8H1.PfQx37YgCzwiKb.KjNyWgaHb9cbcoQgdIVFlYg7B77UdFm','HNB8Z4hrIA','2019-02-20 17:05:44','2019-02-20 17:05:44',NULL,NULL),(4,'Norbert Schamberger IV','queenie59@example.com','2019-02-20 17:05:44','$2y$10$TKh8H1.PfQx37YgCzwiKb.KjNyWgaHb9cbcoQgdIVFlYg7B77UdFm','TiiR0cGeYC','2019-02-20 17:05:44','2019-02-20 17:05:44',NULL,NULL),(5,'Dr. Muriel Fahey III','adele86@example.org','2019-02-20 17:05:44','$2y$10$TKh8H1.PfQx37YgCzwiKb.KjNyWgaHb9cbcoQgdIVFlYg7B77UdFm','fxxrDG6zLC','2019-02-20 17:05:44','2019-02-20 17:05:44',NULL,NULL),(6,'Salma Goldner','nienow.vada@example.org','2019-02-20 17:05:44','$2y$10$RSJKxOsQu2KxXTNxp4gE8uwJMH8DkavgNtSeOqoVbdfX5A6uEshPe','iQJAozKGsys9GpC1AqETb8YmiwTunA09HIdlb28tr5GdVJbNS9Ifh8w8q86I','2019-02-20 17:05:44','2019-02-27 06:21:04',NULL,'{\"phone\": null, \"address\": null, \"position\": null, \"office_phone\": null}'),(7,'Britney Pagac','pollich.larue@example.net','2019-02-20 17:05:44','$2y$10$TKh8H1.PfQx37YgCzwiKb.KjNyWgaHb9cbcoQgdIVFlYg7B77UdFm','3Mv4apLNRt','2019-02-20 17:05:44','2019-02-20 17:05:44',NULL,NULL),(8,'Eloy Olson','johnson.esther@example.net','2019-02-20 17:05:44','$2y$10$TKh8H1.PfQx37YgCzwiKb.KjNyWgaHb9cbcoQgdIVFlYg7B77UdFm','uXijo5FXKF','2019-02-20 17:05:44','2019-02-20 17:05:44',NULL,NULL),(9,'Morgan Feest','devonte66@example.net','2019-02-20 17:05:44','$2y$10$TKh8H1.PfQx37YgCzwiKb.KjNyWgaHb9cbcoQgdIVFlYg7B77UdFm','latve5O8fP','2019-02-20 17:05:44','2019-02-20 17:05:44',NULL,NULL),(10,'Prof. Lionel D\'Amore II','ressie96@example.com','2019-02-20 17:05:44','$2y$10$TKh8H1.PfQx37YgCzwiKb.KjNyWgaHb9cbcoQgdIVFlYg7B77UdFm','9LH2EiEeBI','2019-02-20 17:05:44','2019-02-20 17:05:44',NULL,NULL),(11,'Alisha Kub V','kuhn.orlando@example.net','2019-02-20 17:05:44','$2y$10$TKh8H1.PfQx37YgCzwiKb.KjNyWgaHb9cbcoQgdIVFlYg7B77UdFm','hHlr8TjOwd','2019-02-20 17:05:44','2019-02-20 17:05:44',NULL,NULL),(12,'tester','tester@jack.mn',NULL,'$2y$10$sWbsgU.Oxq4eUNe07DT2Eu1TUFaW8zoPK/zME2DKtEV/8YPjzHziq','HZvR3wJQkyVQboKjcY2dbByteOCscivc45ESsryhKVfxnCXWRMd9cQJmqrZi','2019-02-27 06:20:31','2019-02-27 06:21:51',NULL,'{\"phone\": null, \"address\": null, \"position\": null, \"office_phone\": null}'),(13,'magnai','magnai@test.com',NULL,'$2y$10$udFFTGiYttCr6eNvVDShUewBdZwgq5d2Q2AP6lArnGR5CreRa4lQ6','FbaCwQfXIvU4NHF8hgmroGlYEkw4EahiJfY3CzM8L1DDbttfVn8RN1QPUgyM','2019-02-28 03:38:00','2019-02-28 03:38:00','user/13/avatar/URVKX9lWkKSUW2B8IlFUIZDdozDWqYjuSDLpmJUg.jpeg','{\"phone\": null, \"address\": null, \"position\": null, \"office_phone\": null}');
/*!40000 ALTER TABLE `users` ENABLE KEYS */;
UNLOCK TABLES;
/*!40103 SET TIME_ZONE=@OLD_TIME_ZONE */;

/*!40101 SET SQL_MODE=@OLD_SQL_MODE */;
/*!40014 SET FOREIGN_KEY_CHECKS=@OLD_FOREIGN_KEY_CHECKS */;
/*!40014 SET UNIQUE_CHECKS=@OLD_UNIQUE_CHECKS */;
/*!40101 SET CHARACTER_SET_CLIENT=@OLD_CHARACTER_SET_CLIENT */;
/*!40101 SET CHARACTER_SET_RESULTS=@OLD_CHARACTER_SET_RESULTS */;
/*!40101 SET COLLATION_CONNECTION=@OLD_COLLATION_CONNECTION */;
/*!40111 SET SQL_NOTES=@OLD_SQL_NOTES */;

